"Class"	"Field"	"Label"	"Tooltip"	"Source"	"SourceDetail"	"Confidence"
"CmAnnotation"	"Text"	"Text"	""	"slice"	"CellarParts.xml, bin class=CmAnnotation, part id=CmAnnotation-Detail-TextOnly"	"exact"
"CmAnnotationDefn"	""	"Annotation Definition"	""	"strings-en"	"strings-en.xml, group=ClassNames, id=CmAnnotationDefn"	"class-only"
"CmAnthroItem"	""	"Anthropology Categories"	""	"tool-config"	"toolConfiguration.xml tool=anthroEdit + areaConfiguration.xml ownerClass=LangProject ownerField=AnthroList"	"ambiguous"
"CmAnthroItem"	""	"Anthropology Category"	""	"strings-en"	"strings-en.xml, group=ClassNames, id=CmAnthroItem"	"ambiguous"
"CmAnthroItem"	"AbbreviationPub"	"Abbreviation"	""	"slice"	"LexSense.fwlayout, layout class=CmAnthroItem type=jtview name=publishStemAnthro | LexSense.fwlayout, layout class=CmAnthroItem type=jtview name=publishCdAnthro | LexSense.fwlayout, layout class=CmAnthroItem type=jtview name=publishStemMinorAnthro | LexSense.fwlayout, layout class=CmAnthroItem type=jtview name=publishRootAnthro | LexSense.fwlayout, layout class=CmAnthroItem type=jtview name=publishRootMinorAnthro | +5 more"	"exact"
"CmAnthroItem"	"NamePub"	"Name"	""	"slice"	"LexSense.fwlayout, layout class=CmAnthroItem type=jtview name=publishStemAnthro | LexSense.fwlayout, layout class=CmAnthroItem type=jtview name=publishCdAnthro | LexSense.fwlayout, layout class=CmAnthroItem type=jtview name=publishStemMinorAnthro | LexSense.fwlayout, layout class=CmAnthroItem type=jtview name=publishRootAnthro | LexSense.fwlayout, layout class=CmAnthroItem type=jtview name=publishRootMinorAnthro | +5 more"	"exact"
"CmAnthroItem"	"SubPossibilities"	"Subcategories"	""	"slice"	"CmPossibility.fwlayout, layout class=CmAnthroItem type=detail name=default"	"exact"
"CmAnthroItem"	"Summary"	"Subcategory"	""	"slice"	"CmPossibility.fwlayout, layout class=CmAnthroItem type=detail name=nested"	"exact"
"CmBaseAnnotation"	""	"Problem Report"	""	"strings-en"	"strings-en.xml, group=ClassNames, id=CmBaseAnnotation"	"class-only"
"CmBaseAnnotation"	"BeginObject"	"Problem Object"	""	"slice"	"CellarParts.xml, bin class=CmBaseAnnotation, part id=CmBaseAnnotation-Detail-BeginObjectLink"	"exact"
"CmCustomItem"	""	"List Item"	""	"strings-en"	"strings-en.xml, group=ClassNames, id=CmCustomItem"	"class-only"
"CmCustomItem"	"AbbreviationPub"	"Abbreviation"	""	"slice"	"Notebook.fwlayout, layout class=CmCustomItem type=jtview name=publishCustomVectorItem"	"exact"
"CmCustomItem"	"NamePub"	"Name"	""	"slice"	"Notebook.fwlayout, layout class=CmCustomItem type=jtview name=publishCustomVectorItem"	"exact"
"CmDomainQ"	""	"Question"	""	"strings-en"	"strings-en.xml, group=ClassNames, id=CmDomainQ"	"class-only"
"CmDomainQ"	"ExampleSentences"	"Example Sentences"	""	"slice"	"CmPossibility.fwlayout, layout class=CmDomainQ type=detail name=RDE, ref=ExampleSentencesSummary resolved via Parts/*.xml | CmPossibilityParts.xml, bin class=CmDomainQ, part id=CmDomainQ-Detail-ExampleSentencesAllA"	"exact"
"CmDomainQ"	"ExampleWords"	"Example Words"	""	"slice"	"CmPossibility.fwlayout, layout class=CmDomainQ type=detail name=RDE, ref=ExampleWordsSummary resolved via Parts/*.xml | CmPossibilityParts.xml, bin class=CmDomainQ, part id=CmDomainQ-Detail-ExampleWordsAllA"	"exact"
"CmDomainQ"	"Question"	"Question"	""	"slice"	"CmPossibility.fwlayout, layout class=CmDomainQ type=detail name=RDE, ref=QuestionSummary resolved via Parts/*.xml | CmPossibilityParts.xml, bin class=CmDomainQ, part id=CmDomainQ-Detail-QuestionAllA"	"exact"
"CmFile"	"InternalPath"	"File"	""	"slice"	"LexSense.fwlayout, layout class=CmFile type=detail name=Normal, ref=FileName resolved via Parts/*.xml | LexSenseParts.xml, bin class=CmFile, part id=CmFile-Detail-FileName"	"exact"
"CmIndirectAnnotation"	"CommentPub"	"Translation"	""	"slice"	"Cellar.fwlayout, layout class=CmIndirectAnnotation type=jtview name=publicationNew"	"exact"
"CmIndirectAnnotation"	"TypePub"	"Type"	""	"slice"	"Cellar.fwlayout, layout class=CmIndirectAnnotation type=jtview name=publicationNew"	"exact"
"CmLocation"	""	"Location"	""	"strings-en"	"strings-en.xml, group=ClassNames, id=CmLocation"	"ambiguous"
"CmLocation"	""	"Locations"	""	"tool-config"	"toolConfiguration.xml tool=locationsEdit + areaConfiguration.xml ownerClass=LangProject ownerField=Locations"	"ambiguous"
"CmLocation"	"AbbreviationPub"	"Abbreviation"	""	"slice"	"LexEntry.fwlayout, layout class=CmLocation type=jtview name=publishStemLocation | LexEntry.fwlayout, layout class=CmLocation type=jtview name=publishStemMinorLocation | LexEntry.fwlayout, layout class=CmLocation type=jtview name=publishRootLocation | LexEntry.fwlayout, layout class=CmLocation type=jtview name=publishRootMinorLocation | LexEntry.fwlayout, layout class=CmLocation type=jtview name=publishRootMinorSubLocation | +19 more"	"exact"
"CmLocation"	"Alias"	"Alias"	""	"slice"	"CmPossibilityParts.xml, bin class=CmLocation, part id=CmLocation-Detail-AliasAllA"	"exact"
"CmLocation"	"DescriptionAllA"	"Short Description"	""	"slice"	"CmPossibility.fwlayout, layout class=CmLocation type=detail name=default"	"exact"
"CmLocation"	"NameAllVA"	"Location Name"	""	"slice"	"CmPossibility.fwlayout, layout class=CmLocation type=detail name=default"	"exact"
"CmLocation"	"NamePub"	"Name"	""	"slice"	"LexEntry.fwlayout, layout class=CmLocation type=jtview name=publishStemLocation | LexEntry.fwlayout, layout class=CmLocation type=jtview name=publishStemMinorLocation | LexEntry.fwlayout, layout class=CmLocation type=jtview name=publishRootLocation | LexEntry.fwlayout, layout class=CmLocation type=jtview name=publishRootMinorLocation | LexEntry.fwlayout, layout class=CmLocation type=jtview name=publishRootMinorSubLocation | +19 more"	"exact"
"CmLocation"	"Researchers"	"Researchers"	""	"slice"	"CmPossibility.fwlayout, layout class=CmLocation type=detail name=default"	"exact"
"CmMedia"	"Label"	"Label"	""	"slice"	"LexEntryParts.xml, bin class=CmMedia, part id=CmMedia-Detail-Label"	"exact"
"CmMedia"	"MediaFile"	"Media File"	""	"slice"	"LexEntryParts.xml, bin class=CmMedia, part id=CmMedia-Detail-MediaFile"	"exact"
"CmPerson"	""	"People"	""	"tool-config"	"toolConfiguration.xml tool=peopleEdit + areaConfiguration.xml ownerClass=LangProject ownerField=People"	"ambiguous"
"CmPerson"	""	"Person"	""	"strings-en"	"strings-en.xml, group=ClassNames, id=CmPerson | strings-en.xml, group=PossibilityListItemTypeNames, ownerField=People -> CmPerson"	"ambiguous"
"CmPerson"	"AbbreviationPub"	"Abbreviation"	""	"slice"	"Notebook.fwlayout, layout class=CmPerson type=jtview name=publishRnResearcher | Notebook.fwlayout, layout class=CmPerson type=jtview name=publishRnSource | Notebook.fwlayout, layout class=CmPerson type=jtview name=publishRnParticipant"	"exact"
"CmPerson"	"Alias"	"Alias"	""	"slice"	"CmPossibilityParts.xml, bin class=CmPerson, part id=CmPerson-Detail-AliasAllA"	"exact"
"CmPerson"	"DateOfBirth"	"Date of Birth"	""	"slice"	"CmPossibilityParts.xml, bin class=CmPerson, part id=CmPerson-Detail-DateOfBirth"	"exact"
"CmPerson"	"DateOfDeath"	"Date of Death"	""	"slice"	"CmPossibilityParts.xml, bin class=CmPerson, part id=CmPerson-Detail-DateOfDeath"	"exact"
"CmPerson"	"DescriptionAllA"	"Short Description"	""	"slice"	"CmPossibility.fwlayout, layout class=CmPerson type=detail name=default"	"exact"
"CmPerson"	"Discussion"	"Biographical Information"	""	"slice"	"CmPossibility.fwlayout, layout class=CmPerson type=detail name=default"	"exact"
"CmPerson"	"Education"	"Education"	""	"slice"	"CmPossibilityParts.xml, bin class=CmPerson, part id=CmPerson-Detail-Education"	"exact"
"CmPerson"	"Gender"	"Gender"	""	"slice"	"CmPossibilityParts.xml, bin class=CmPerson, part id=CmPerson-Detail-Gender"	"exact"
"CmPerson"	"IsResearcher"	"Is a Researcher"	""	"slice"	"CmPossibilityParts.xml, bin class=CmPerson, part id=CmPerson-Detail-IsResearcher"	"exact"
"CmPerson"	"NameAllVA"	"Full Name"	""	"slice"	"CmPossibility.fwlayout, layout class=CmPerson type=detail name=default"	"exact"
"CmPerson"	"NamePub"	"Name"	""	"slice"	"Notebook.fwlayout, layout class=CmPerson type=jtview name=publishRnResearcher | Notebook.fwlayout, layout class=CmPerson type=jtview name=publishRnSource | Notebook.fwlayout, layout class=CmPerson type=jtview name=publishRnParticipant"	"exact"
"CmPerson"	"PlaceOfBirth"	"Place of Birth"	""	"slice"	"CmPossibilityParts.xml, bin class=CmPerson, part id=CmPerson-Detail-PlaceOfBirth"	"exact"
"CmPerson"	"PlacesOfResidence"	"Place of Residence"	""	"slice"	"CmPossibilityParts.xml, bin class=CmPerson, part id=CmPerson-Detail-PlacesOfResidence"	"exact"
"CmPerson"	"Positions"	"Positions"	""	"slice"	"CmPossibilityParts.xml, bin class=CmPerson, part id=CmPerson-Detail-Positions"	"exact"
"CmPerson"	"Researchers"	"Researchers"	""	"slice"	"CmPossibility.fwlayout, layout class=CmPerson type=detail name=default"	"exact"
"CmPicture"	""	"Picture"	""	"strings-en"	"strings-en.xml, group=ClassNames, id=CmPicture"	"class-only"
"CmPicture"	"Caption"	"Caption"	""	"slice"	"LexSense.fwlayout, layout class=CmPicture type=detail name=Normal, ref=CaptionA resolved via Parts/*.xml | LexSenseParts.xml, bin class=CmPicture, part id=CmPicture-Detail-CaptionA"	"exact"
"CmPicture"	"CaptionPub"	"Caption"	""	"slice"	"LexSense.fwlayout, layout class=CmPicture type=jtview name=publishStemCaption | LexSense.fwlayout, layout class=CmPicture type=jtview name=publishRootCaption"	"exact"
"CmPicture"	"FileName"	"File"	""	"slice"	"LexSense.fwlayout, layout class=CmPicture type=detail name=Normal"	"exact"
"CmPicture"	"Picture"	"Picture"	""	"slice"	"LexSense.fwlayout, layout class=CmPicture type=detail name=Normal"	"exact"
"CmPicture"	"PublishIn"	"Publish Picture In"	"Remove a publication from this field to exclude only this picture from that publication."	"slice"	"LexSense.fwlayout, layout class=CmPicture type=detail name=Normal, ref=PublishIn resolved via Parts/*.xml | LexSenseParts.xml, bin class=CmPicture, part id=CmPicture-Detail-PublishIn"	"exact"
"CmPicture"	"SenseNumber"	"Sense Number"	""	"slice"	"LexSense.fwlayout, layout class=CmPicture type=jtview name=publishStemCaption | LexSense.fwlayout, layout class=CmPicture type=jtview name=publishRootCaption"	"exact"
"CmPicture"	"Thumbnail"	"Thumbnail"	""	"slice"	"LexSense.fwlayout, layout class=CmPicture type=detail name=Normal"	"exact"
"CmPicture"	"ThumbnailPub"	"Thumbnail"	""	"slice"	"LexSense.fwlayout, layout class=CmPicture type=jtview name=publishStemPile | LexSense.fwlayout, layout class=CmPicture type=jtview name=publishRootPile"	"exact"
"CmPossibility"	""	"Academic Domain"	""	"strings-en"	"strings-en.xml, group=PossibilityListItemTypeNames, ownerField=DomainTypes -> CmPossibility"	"ambiguous"
"CmPossibility"	""	"Academic Domains"	""	"tool-config"	"toolConfiguration.xml tool=domainTypeEdit + areaConfiguration.xml ownerClass=LexDb ownerField=DomainTypes"	"ambiguous"
"CmPossibility"	""	"Confidence Level"	""	"strings-en"	"strings-en.xml, group=PossibilityListItemTypeNames, ownerField=ConfidenceLevels -> CmPossibility"	"ambiguous"
"CmPossibility"	""	"Confidence Levels"	""	"tool-config"	"toolConfiguration.xml tool=confidenceEdit + areaConfiguration.xml ownerClass=LangProject ownerField=ConfidenceLevels"	"ambiguous"
"CmPossibility"	""	"Dialect Labels"	""	"tool-config"	"toolConfiguration.xml tool=dialectsListEdit + areaConfiguration.xml ownerClass=LexDb ownerField=DialectLabels"	"ambiguous"
"CmPossibility"	""	"Education Level"	""	"strings-en"	"strings-en.xml, group=PossibilityListItemTypeNames, ownerField=Education -> CmPossibility"	"ambiguous"
"CmPossibility"	""	"Education Levels"	""	"tool-config"	"toolConfiguration.xml tool=educationEdit + areaConfiguration.xml ownerClass=LangProject ownerField=Education"	"ambiguous"
"CmPossibility"	""	"Extended Note Type"	""	"strings-en"	"strings-en.xml, group=PossibilityListItemTypeNames, ownerField=ExtendedNoteTypes -> CmPossibility"	"ambiguous"
"CmPossibility"	""	"Extended Note Types"	""	"tool-config"	"toolConfiguration.xml tool=extNoteTypeEdit + areaConfiguration.xml ownerClass=LexDb ownerField=ExtendedNoteTypes"	"ambiguous"
"CmPossibility"	""	"Genre"	""	"strings-en"	"strings-en.xml, group=PossibilityListItemTypeNames, ownerField=GenreList -> CmPossibility"	"ambiguous"
"CmPossibility"	""	"Genres"	""	"tool-config"	"toolConfiguration.xml tool=genresEdit + areaConfiguration.xml ownerClass=LangProject ownerField=GenreList"	"ambiguous"
"CmPossibility"	""	"Language"	""	"strings-en"	"strings-en.xml, group=PossibilityListItemTypeNames, ownerField=Languages -> CmPossibility"	"ambiguous"
"CmPossibility"	""	"Languages"	""	"tool-config"	"toolConfiguration.xml tool=languagesListEdit + areaConfiguration.xml ownerClass=LexDb ownerField=Languages"	"ambiguous"
"CmPossibility"	""	"List Item"	""	"strings-en"	"strings-en.xml, group=ClassNames, id=CmPossibility"	"ambiguous"
"CmPossibility"	""	"Notebook Record Type"	""	"strings-en"	"strings-en.xml, group=PossibilityListItemTypeNames, ownerField=RecTypes -> CmPossibility"	"ambiguous"
"CmPossibility"	""	"Notebook Record Types"	""	"tool-config"	"toolConfiguration.xml tool=recTypeEdit + areaConfiguration.xml ownerClass=RnResearchNbk ownerField=RecTypes"	"ambiguous"
"CmPossibility"	""	"Position"	""	"strings-en"	"strings-en.xml, group=PossibilityListItemTypeNames, ownerField=Positions -> CmPossibility"	"ambiguous"
"CmPossibility"	""	"Positions"	""	"tool-config"	"toolConfiguration.xml tool=positionsEdit + areaConfiguration.xml ownerClass=LangProject ownerField=Positions"	"ambiguous"
"CmPossibility"	""	"Publication"	""	"strings-en"	"strings-en.xml, group=PossibilityListItemTypeNames, ownerField=PublicationTypes -> CmPossibility"	"ambiguous"
"CmPossibility"	""	"Publications"	""	"tool-config"	"toolConfiguration.xml tool=publicationsEdit + areaConfiguration.xml ownerClass=LexDb ownerField=PublicationTypes"	"ambiguous"
"CmPossibility"	""	"Restriction"	""	"strings-en"	"strings-en.xml, group=PossibilityListItemTypeNames, ownerField=Restrictions -> CmPossibility"	"ambiguous"
"CmPossibility"	""	"Restrictions"	""	"tool-config"	"toolConfiguration.xml tool=restrictionsEdit + areaConfiguration.xml ownerClass=LangProject ownerField=Restrictions"	"ambiguous"
"CmPossibility"	""	"Role"	""	"strings-en"	"strings-en.xml, group=PossibilityListItemTypeNames, ownerField=Roles -> CmPossibility"	"ambiguous"
"CmPossibility"	""	"Roles"	""	"tool-config"	"toolConfiguration.xml tool=roleEdit + areaConfiguration.xml ownerClass=LangProject ownerField=Roles"	"ambiguous"
"CmPossibility"	""	"Sense Type"	""	"strings-en"	"strings-en.xml, group=PossibilityListItemTypeNames, ownerField=SenseTypes -> CmPossibility"	"ambiguous"
"CmPossibility"	""	"Sense Types"	""	"tool-config"	"toolConfiguration.xml tool=senseTypeEdit + areaConfiguration.xml ownerClass=LexDb ownerField=SenseTypes"	"ambiguous"
"CmPossibility"	""	"Status"	""	"strings-en+tool-config"	"toolConfiguration.xml tool=statusEdit + areaConfiguration.xml ownerClass=LangProject ownerField=Status | strings-en.xml, group=PossibilityListItemTypeNames, ownerField=Status -> CmPossibility"	"ambiguous"
"CmPossibility"	""	"Text Chart Marker"	""	"strings-en"	"strings-en.xml, group=PossibilityListItemTypeNames, ownerField=ChartMarkers -> CmPossibility"	"ambiguous"
"CmPossibility"	""	"Text Chart Markers"	""	"tool-config"	"toolConfiguration.xml tool=chartmarkEdit + areaConfiguration.xml ownerClass=DsDiscourseData ownerField=ChartMarkers"	"ambiguous"
"CmPossibility"	""	"Text Constituent Chart Template"	""	"strings-en"	"strings-en.xml, group=PossibilityListItemTypeNames, ownerField=ConstChartTempl -> CmPossibility"	"ambiguous"
"CmPossibility"	""	"Text Constituent Chart Templates"	""	"tool-config"	"toolConfiguration.xml tool=charttempEdit + areaConfiguration.xml ownerClass=DsDiscourseData ownerField=ConstChartTempl"	"ambiguous"
"CmPossibility"	""	"Text Markup Tag"	""	"strings-en"	"strings-en.xml, group=PossibilityListItemTypeNames, ownerField=TextMarkupTags -> CmPossibility"	"ambiguous"
"CmPossibility"	""	"Text Markup Tags"	""	"tool-config"	"toolConfiguration.xml tool=textMarkupTagsEdit + areaConfiguration.xml ownerClass=LangProject ownerField=TextMarkupTags"	"ambiguous"
"CmPossibility"	""	"Time Of Day"	""	"strings-en+tool-config"	"toolConfiguration.xml tool=timeOfDayEdit + areaConfiguration.xml ownerClass=LangProject ownerField=TimeOfDay | strings-en.xml, group=PossibilityListItemTypeNames, ownerField=TimeOfDay -> CmPossibility"	"ambiguous"
"CmPossibility"	""	"Translation Type"	""	"strings-en"	"strings-en.xml, group=PossibilityListItemTypeNames, ownerField=TranslationTags -> CmPossibility"	"ambiguous"
"CmPossibility"	""	"Translation Types"	""	"tool-config"	"toolConfiguration.xml tool=translationTypeEdit + areaConfiguration.xml ownerClass=LangProject ownerField=TranslationTags"	"ambiguous"
"CmPossibility"	""	"Usage"	""	"strings-en"	"strings-en.xml, group=PossibilityListItemTypeNames, ownerField=UsageTypes -> CmPossibility"	"ambiguous"
"CmPossibility"	""	"Usages"	""	"tool-config"	"toolConfiguration.xml tool=usageTypeEdit + areaConfiguration.xml ownerClass=LexDb ownerField=UsageTypes"	"ambiguous"
"CmPossibility"	"Abbreviation"	"Abbreviation"	""	"slice"	"CmPossibilityParts.xml, bin class=CmPossibility, part id=CmPossibility-Detail-AbbreviationAllA | CmPossibilityParts.xml, bin class=CmPossibility, part id=CmPossibility-Detail-AbbreviationAllV | CmPossibilityParts.xml, bin class=CmPossibility, part id=CmPossibility-Detail-AbbreviationAllVA | CmPossibilityParts.xml, bin class=CmPossibility, part id=CmPossibility-Detail-AbbreviationAllAV"	"exact"
"CmPossibility"	"AbbreviationPub"	"Abbreviation"	""	"slice"	"LexSense.fwlayout, layout class=CmPossibility type=jtview name=publishStemSenseType | LexSense.fwlayout, layout class=CmPossibility type=jtview name=publishCdSenseType | LexSense.fwlayout, layout class=CmPossibility type=jtview name=publishStemMinorSenseType | LexSense.fwlayout, layout class=CmPossibility type=jtview name=publishRootSenseType | LexSense.fwlayout, layout class=CmPossibility type=jtview name=publishRootMinorSenseType | +63 more"	"exact"
"CmPossibility"	"Confidence"	"Confidence"	""	"slice"	"CmPossibilityParts.xml, bin class=CmPossibility, part id=CmPossibility-Detail-Confidence"	"exact"
"CmPossibility"	"ConfigureAbbr"	"Item Abbreviation"	""	"slice"	"Cellar.fwlayout, layout class=CmPossibility type=jtview name=advanced1 | Cellar.fwlayout, layout class=CmPossibility type=jtview name=advanced2 | Cellar.fwlayout, layout class=CmPossibility type=jtview name=advanced3 | Cellar.fwlayout, layout class=CmPossibility type=jtview name=advanced4 | Cellar.fwlayout, layout class=CmPossibility type=jtview name=advanced5"	"exact"
"CmPossibility"	"ConfigureName"	"Item Name"	""	"slice"	"Cellar.fwlayout, layout class=CmPossibility type=jtview name=advanced1 | Cellar.fwlayout, layout class=CmPossibility type=jtview name=advanced2 | Cellar.fwlayout, layout class=CmPossibility type=jtview name=advanced3 | Cellar.fwlayout, layout class=CmPossibility type=jtview name=advanced4 | Cellar.fwlayout, layout class=CmPossibility type=jtview name=advanced5"	"exact"
"CmPossibility"	"Description"	"Description"	""	"slice"	"CmPossibilityParts.xml, bin class=CmPossibility, part id=CmPossibility-Detail-DescriptionAllA | CmPossibilityParts.xml, bin class=CmPossibility, part id=CmPossibility-Detail-DescriptionAllV | CmPossibilityParts.xml, bin class=CmPossibility, part id=CmPossibility-Detail-DescriptionAllAV | CmPossibilityParts.xml, bin class=CmPossibility, part id=CmPossibility-Detail-DescriptionAllVA"	"ambiguous"
"CmPossibility"	"Description"	"Short Description"	""	"slice"	"CmPossibility.fwlayout, layout class=CmPossibility type=detail name=DialectEdit, ref=DescriptionAllVA resolved via Parts/*.xml"	"ambiguous"
"CmPossibility"	"Discussion"	"Discussion"	""	"slice"	"CmPossibilityParts.xml, bin class=CmPossibility, part id=CmPossibility-Detail-Discussion"	"exact"
"CmPossibility"	"Name"	"Analysis"	""	"slice"	"CmPossibilityParts.xml, bin class=CmPossibility, part id=CmPossibility-Detail-NameRDEA"	"ambiguous"
"CmPossibility"	"Name"	"Full Name"	""	"slice"	"CmPossibility.fwlayout, layout class=CmPossibility type=detail name=DialectEdit, ref=NameAllVA resolved via Parts/*.xml"	"ambiguous"
"CmPossibility"	"Name"	"Name"	""	"slice"	"CmPossibilityParts.xml, bin class=CmPossibility, part id=CmPossibility-Detail-NameAllA | CmPossibilityParts.xml, bin class=CmPossibility, part id=CmPossibility-Detail-NameAllV | CmPossibilityParts.xml, bin class=CmPossibility, part id=CmPossibility-Detail-NameSubcategory | CmPossibilityParts.xml, bin class=CmPossibility, part id=CmPossibility-Detail-NameAllVA | CmPossibilityParts.xml, bin class=CmPossibility, part id=CmPossibility-Detail-NameAllAV"	"ambiguous"
"CmPossibility"	"Name"	"Vernacular"	""	"slice"	"CmPossibilityParts.xml, bin class=CmPossibility, part id=CmPossibility-Detail-NameRDEV"	"ambiguous"
"CmPossibility"	"NamePub"	"Condition"	""	"slice"	"LexEntry.fwlayout, layout class=CmPossibility type=jtview name=publishStemMinorRefMainEntryCondition | LexEntry.fwlayout, layout class=CmPossibility type=jtview name=publishRootMinorRefMainEntryCondition"	"ambiguous"
"CmPossibility"	"NamePub"	"Name"	""	"slice"	"LexSense.fwlayout, layout class=CmPossibility type=jtview name=publishStemSenseType | LexSense.fwlayout, layout class=CmPossibility type=jtview name=publishCdSenseType | LexSense.fwlayout, layout class=CmPossibility type=jtview name=publishStemMinorSenseType | LexSense.fwlayout, layout class=CmPossibility type=jtview name=publishRootSenseType | LexSense.fwlayout, layout class=CmPossibility type=jtview name=publishRootMinorSenseType | +63 more"	"ambiguous"
"CmPossibility"	"Researchers"	"Researchers"	""	"slice"	"CmPossibilityParts.xml, bin class=CmPossibility, part id=CmPossibility-Detail-Researchers"	"exact"
"CmPossibility"	"Restrictions"	"Restrictions"	""	"slice"	"CmPossibilityParts.xml, bin class=CmPossibility, part id=CmPossibility-Detail-Restrictions"	"exact"
"CmPossibility"	"Status"	"Status"	""	"slice"	"CmPossibilityParts.xml, bin class=CmPossibility, part id=CmPossibility-Detail-Status"	"exact"
"CmPossibility"	"Summary"	"Subitem"	""	"slice"	"CmPossibility.fwlayout, layout class=CmPossibility type=detail name=nested"	"exact"
"CmSemanticDomain"	""	"Semantic Domain"	""	"strings-en"	"strings-en.xml, group=ClassNames, id=CmSemanticDomain"	"ambiguous"
"CmSemanticDomain"	""	"Semantic Domains"	""	"tool-config"	"toolConfiguration.xml tool=semanticDomainEdit + areaConfiguration.xml ownerClass=LangProject ownerField=SemanticDomainList"	"ambiguous"
"CmSemanticDomain"	"AbbreviationPub"	"Abbreviation"	""	"slice"	"LexSense.fwlayout, layout class=CmSemanticDomain type=jtview name=publishStemSemDom | LexSense.fwlayout, layout class=CmSemanticDomain type=jtview name=publishCdSemDom | LexSense.fwlayout, layout class=CmSemanticDomain type=jtview name=publishStemMinorSemDom | LexSense.fwlayout, layout class=CmSemanticDomain type=jtview name=publishRootSemDom | LexSense.fwlayout, layout class=CmSemanticDomain type=jtview name=publishRootMinorSemDom | +4 more"	"exact"
"CmSemanticDomain"	"ConfigureAbbrCd"	"Abbreviation"	""	"slice"	"LexEntry.fwlayout, layout class=CmSemanticDomain type=jtview name=domainLabel"	"exact"
"CmSemanticDomain"	"ConfigureNameCd"	"Name"	""	"slice"	"LexEntry.fwlayout, layout class=CmSemanticDomain type=jtview name=domainLabel"	"exact"
"CmSemanticDomain"	"Description"	"Description"	""	"slice"	"CmPossibility.fwlayout, layout class=CmSemanticDomain type=detail name=RDE, ref=DescriptionSummary resolved via Parts/*.xml"	"exact"
"CmSemanticDomain"	"LouwNidaCodes"	"Louw & Nida Codes"	""	"slice"	"CmPossibilityParts.xml, bin class=CmSemanticDomain, part id=CmSemanticDomain-Detail-LouwNidaCodes"	"exact"
"CmSemanticDomain"	"NamePub"	"Name"	""	"slice"	"LexSense.fwlayout, layout class=CmSemanticDomain type=jtview name=publishStemSemDom | LexSense.fwlayout, layout class=CmSemanticDomain type=jtview name=publishCdSemDom | LexSense.fwlayout, layout class=CmSemanticDomain type=jtview name=publishStemMinorSemDom | LexSense.fwlayout, layout class=CmSemanticDomain type=jtview name=publishRootSemDom | LexSense.fwlayout, layout class=CmSemanticDomain type=jtview name=publishRootMinorSemDom | +4 more"	"exact"
"CmSemanticDomain"	"NameRDEA"	"Analysis"	""	"slice"	"CmPossibility.fwlayout, layout class=CmSemanticDomain type=detail name=RDE"	"exact"
"CmSemanticDomain"	"OcmCodes"	"OCM Codes"	""	"slice"	"CmPossibilityParts.xml, bin class=CmSemanticDomain, part id=CmSemanticDomain-Detail-OcmCodes"	"exact"
"CmSemanticDomain"	"OcmRefs"	"Anthropology Categories"	""	"slice"	"CmPossibilityParts.xml, bin class=CmSemanticDomain, part id=CmSemanticDomain-Detail-OcmRefs"	"exact"
"CmSemanticDomain"	"ReferringSenses"	"Referenced Senses"	""	"slice"	"LexEntry.fwlayout, layout class=CmSemanticDomain type=jtview name=classifiedDict"	"exact"
"CmSemanticDomain"	"RelatedDomains"	"Related Domains"	""	"slice"	"CmPossibilityParts.xml, bin class=CmSemanticDomain, part id=CmSemanticDomain-Detail-RelatedDomains"	"exact"
"CmSemanticDomain"	"SubPossibilities"	"Subdomains"	""	"slice"	"CmPossibility.fwlayout, layout class=CmSemanticDomain type=detail name=default"	"exact"
"CmSemanticDomain"	"Summary"	"Subdomain"	""	"slice"	"CmPossibility.fwlayout, layout class=CmSemanticDomain type=detail name=nested"	"exact"
"CmTranslation"	""	"Translation"	""	"strings-en"	"strings-en.xml, group=ClassNames, id=CmTranslation"	"ambiguous"
"CmTranslation"	""	"Translations"	""	"strings-en"	"strings-en.xml, group=AlternativeTitles, id=CmTranslation-Plural"	"ambiguous"
"CmTranslation"	"Translation"	"Translation"	""	"slice"	"LexSenseParts.xml, bin class=CmTranslation, part id=CmTranslation-Detail-TranslationAllA"	"exact"
"CmTranslation"	"TranslationPub"	"Translation"	""	"slice"	"LexSense.fwlayout, layout class=CmTranslation type=jtview name=publishStem | LexSense.fwlayout, layout class=CmTranslation type=jtview name=publishCd | LexSense.fwlayout, layout class=CmTranslation type=jtview name=publishStemMinor | LexSense.fwlayout, layout class=CmTranslation type=jtview name=publishRoot | LexSense.fwlayout, layout class=CmTranslation type=jtview name=publishRootMinor | +15 more"	"exact"
"CmTranslation"	"Type"	"Type"	""	"slice"	"LexSenseParts.xml, bin class=CmTranslation, part id=CmTranslation-Detail-Type"	"exact"
"CmTranslation"	"TypeConfig"	"Type"	""	"slice"	"LexSense.fwlayout, layout class=CmTranslation type=jtview name=publishStem | LexSense.fwlayout, layout class=CmTranslation type=jtview name=publishCd | LexSense.fwlayout, layout class=CmTranslation type=jtview name=publishStemMinor | LexSense.fwlayout, layout class=CmTranslation type=jtview name=publishRoot | LexSense.fwlayout, layout class=CmTranslation type=jtview name=publishRootMinor | +15 more"	"exact"
"FsClosedFeature"	""	"Feature"	""	"strings-en"	"strings-en.xml, group=ClassNames, id=FsClosedFeature"	"class-only"
"FsClosedFeature"	"InflectionFeaturesValuesSection"	"Values"	""	"slice"	"Morphology.fwlayout, layout class=FsClosedFeature type=detail name=Edit"	"exact"
"FsClosedFeature"	"ShowInGloss"	"Display label"	""	"slice"	"Morphology.fwlayout, layout class=FsClosedFeature type=detail name=Edit"	"exact"
"FsClosedFeature"	"SpecialNote"	"Special Note"	""	"slice"	"Morphology.fwlayout, layout class=FsClosedFeature type=detail name=Edit"	"exact"
"FsClosedFeature"	"ValuesSection"	"Values"	""	"slice"	"Morphology.fwlayout, layout class=FsClosedFeature type=detail name=PhonEdit"	"exact"
"FsClosedValue"	""	"Feature"	""	"strings-en"	"strings-en.xml, group=ClassNames, id=FsClosedValue"	"class-only"
"FsClosedValue"	"Feature"	"Feature"	""	"slice"	"MorphologyParts.xml, bin class=FsClosedValue, part id=FsClosedValue-Detail-FeatureSpecs"	"ambiguous"
"FsClosedValue"	"Feature"	"Name"	""	"slice"	"MorphologyParts.xml, bin class=FsClosedValue, part id=FsClosedValue-Detail-Feature"	"ambiguous"
"FsClosedValue"	"Summary"	"Feature"	""	"slice"	"Morphology.fwlayout, layout class=FsClosedValue type=detail name=EditFeatureSpec"	"exact"
"FsClosedValue"	"Value"	"Value"	""	"slice"	"MorphologyParts.xml, bin class=FsClosedValue, part id=FsClosedValue-Detail-Value | MorphologyParts.xml, bin class=FsClosedValue, part id=FsClosedValue-Detail-FeatureSpecs"	"exact"
"FsComplexFeature"	""	"Complex Feature"	""	"strings-en"	"strings-en.xml, group=ClassNames, id=FsComplexFeature"	"class-only"
"FsComplexFeature"	"Message"	"Special Note"	""	"slice"	"Morphology.fwlayout, layout class=FsComplexFeature type=detail name=Edit"	"exact"
"FsComplexFeature"	"ShowInGloss"	"Display label"	""	"slice"	"Morphology.fwlayout, layout class=FsComplexFeature type=detail name=Edit"	"exact"
"FsComplexFeature"	"Type"	"Type"	""	"slice"	"Morphology.fwlayout, layout class=FsComplexFeature type=detail name=Edit, ref=Type resolved via Parts/*.xml | MorphologyParts.xml, bin class=FsComplexFeature, part id=FsComplexFeature-Detail-Type"	"exact"
"FsComplexValue"	""	"Complex Feature"	""	"strings-en"	"strings-en.xml, group=ClassNames, id=FsComplexValue"	"class-only"
"FsComplexValue"	"Feature"	"Feature"	""	"slice"	"MorphologyParts.xml, bin class=FsComplexValue, part id=FsComplexValue-Detail-FeatureSpecs"	"ambiguous"
"FsComplexValue"	"Feature"	"Name"	""	"slice"	"MorphologyParts.xml, bin class=FsComplexValue, part id=FsComplexValue-Detail-Feature"	"ambiguous"
"FsComplexValue"	"Summary"	"Complex Feature"	""	"slice"	"Morphology.fwlayout, layout class=FsComplexValue type=detail name=EditFeatureSpec"	"exact"
"FsComplexValue"	"Value"	"Value"	""	"slice"	"MorphologyParts.xml, bin class=FsComplexValue, part id=FsComplexValue-Detail-FeatureSpecs"	"exact"
"FsFeatDefn"	""	"Inflection Features"	""	"strings-en"	"strings-en.xml, group=AlternativeTitles, id=FsFeatDefn-Plural"	"ambiguous"
"FsFeatDefn"	""	"Phonological Feature and Values"	""	"strings-en"	"strings-en.xml, group=AlternativeTitles, id=FsFeatDefn-PhonologicalValues"	"ambiguous"
"FsFeatDefn"	""	"Phonological Features"	""	"strings-en"	"strings-en.xml, group=AlternativeTitles, id=FsFeatDefn-Phonological"	"ambiguous"
"FsFeatDefn"	"Abbreviation"	"Abbreviation"	""	"slice"	"MorphologyParts.xml, bin class=FsFeatDefn, part id=FsFeatDefn-Detail-AbbreviationAllA"	"exact"
"FsFeatDefn"	"Description"	"Description"	""	"slice"	"MorphologyParts.xml, bin class=FsFeatDefn, part id=FsFeatDefn-Detail-DescriptionAllA"	"exact"
"FsFeatDefn"	"GlossAbbreviation"	"Gloss Abbreviation"	""	"slice"	"MorphologyParts.xml, bin class=FsFeatDefn, part id=FsFeatDefn-Detail-GlossAbbreviationAllA"	"exact"
"FsFeatDefn"	"Name"	"Name"	""	"slice"	"MorphologyParts.xml, bin class=FsFeatDefn, part id=FsFeatDefn-Detail-NameAllA"	"exact"
"FsFeatDefn"	"RightGlossSep"	"Right Gloss Separator"	""	"slice"	"MorphologyParts.xml, bin class=FsFeatDefn, part id=FsFeatDefn-Detail-RightGlossSepAllA"	"exact"
"FsFeatDefn"	"ShowInGloss"	"ShowInGloss"	"When displaying the values for this feature, include a label (the Feature Abbreviation) as well"	"slice"	"MorphologyParts.xml, bin class=FsFeatDefn, part id=FsFeatDefn-Detail-ShowInGloss | MorphologyParts.xml, bin class=FsFeatDefn, part id=FsSymFeatVal-Detail-ShowInGloss"	"ambiguous"
"FsFeatDefn"	"ShowInGloss"	"Use Abbreviation for value"	""	"slice"	"Morphology.fwlayout, layout class=FsFeatDefn type=detail name=Edit, ref=ShowInGloss resolved via Parts/*.xml"	"ambiguous"
"FsFeatStruc"	""	"Feature Structure"	""	"strings-en"	"strings-en.xml, group=ClassNames, id=FsFeatStruc"	"class-only"
"FsFeatStruc"	"Blank"	"Nested Inflection Features"	""	"slice"	"Morphology.fwlayout, layout class=FsFeatStruc type=detail name=NestedInflFeats"	"exact"
"FsFeatStruc"	"FeatureSpecs"	"Features"	""	"slice"	"Morphology.fwlayout, layout class=FsFeatStruc type=detail name=FeatureSpecs | Morphology.fwlayout, layout class=FsFeatStruc type=detail name=NestedInflFeats | Morphology.fwlayout, layout class=FsFeatStruc type=detail name=EditFeatureSpecs"	"ambiguous"
"FsFeatStruc"	"FeatureSpecs"	"From Inflection Features"	""	"slice"	"Morphology.fwlayout, layout class=FsFeatStruc type=detail name=FromMsFeatures"	"ambiguous"
"FsFeatStruc"	"FeatureSpecs"	"Inflection Features"	""	"slice"	"Morphology.fwlayout, layout class=FsFeatStruc type=detail name=MsFeatures | Morphology.fwlayout, layout class=FsFeatStruc type=detail name=InflFeats"	"ambiguous"
"FsFeatStruc"	"FeatureSpecs"	"Required Features"	""	"slice"	"Morphology.fwlayout, layout class=FsFeatStruc type=detail name=MsEnvFeatures"	"ambiguous"
"FsFeatStruc"	"FeatureSpecs"	"To Inflection Features"	""	"slice"	"Morphology.fwlayout, layout class=FsFeatStruc type=detail name=ToMsFeatures"	"ambiguous"
"FsFeatStruc"	"Long"	"Features"	""	"slice"	"Morphology.fwlayout, layout class=FsFeatStruc type=jtview name=PhonFeats"	"exact"
"FsFeatStruc"	"RegionFeatureSpecs"	"Feature Set"	""	"slice"	"Morphology.fwlayout, layout class=FsFeatStruc type=detail name=EditStemNameRegion"	"exact"
"FsFeatStruc"	"Type"	"Feature Type"	""	"slice"	"MorphologyParts.xml, bin class=FsFeatStruc, part id=FsFeatStruc-Detail-Type"	"exact"
"FsFeatStrucType"	""	"Feature Type"	""	"strings-en"	"strings-en.xml, group=ClassNames, id=FsFeatStrucType"	"ambiguous"
"FsFeatStrucType"	""	"Feature Types"	""	"strings-en"	"strings-en.xml, group=AlternativeTitles, id=FsFeatStrucType-Plural"	"ambiguous"
"FsFeatStrucType"	"Abbreviation"	"Abbreviation"	""	"slice"	"MorphologyParts.xml, bin class=FsFeatStrucType, part id=FsFeatStrucType-Detail-AbbreviationAllA"	"exact"
"FsFeatStrucType"	"Description"	"Description"	""	"slice"	"MorphologyParts.xml, bin class=FsFeatStrucType, part id=FsFeatStrucType-Detail-DescriptionAllA"	"exact"
"FsFeatStrucType"	"Features"	"Features"	""	"slice"	"Morphology.fwlayout, layout class=FsFeatStrucType type=detail name=Edit, ref=Features resolved via Parts/*.xml | MorphologyParts.xml, bin class=FsFeatStrucType, part id=FsFeatStrucType-Detail-Features"	"exact"
"FsFeatStrucType"	"Message"	"Special Note"	""	"slice"	"Morphology.fwlayout, layout class=FsFeatStrucType type=detail name=Edit"	"exact"
"FsFeatStrucType"	"Name"	"Name"	""	"slice"	"MorphologyParts.xml, bin class=FsFeatStrucType, part id=FsFeatStrucType-Detail-NameAllA"	"exact"
"FsFeatureSpecification"	"Feature"	"Feature"	""	"slice"	"MorphologyParts.xml, bin class=FsFeatureSpecification, part id=FsFeatureSpecification-Detail-Feature | MorphologyParts.xml, bin class=FsFeatureSpecification, part id=FsFeatureSpecification-Detail-FeatureSpecs"	"exact"
"FsFeatureSpecification"	"Summary"	"Feature"	""	"slice"	"Morphology.fwlayout, layout class=FsFeatureSpecification type=detail name=EditFeatureSpec"	"exact"
"FsSymFeatVal"	""	"Feature Value"	""	"strings-en"	"strings-en.xml, group=ClassNames, id=FsSymFeatVal"	"class-only"
"FsSymFeatVal"	"Abbreviation"	"Abbreviation"	""	"slice"	"MorphologyParts.xml, bin class=FsSymFeatVal, part id=FsSymFeatVal-Detail-AbbreviationAllA"	"exact"
"FsSymFeatVal"	"Description"	"Description"	""	"slice"	"MorphologyParts.xml, bin class=FsSymFeatVal, part id=FsSymFeatVal-Detail-DescriptionAllA"	"exact"
"FsSymFeatVal"	"GlossAbbreviation"	"Gloss Abbreviation"	""	"slice"	"MorphologyParts.xml, bin class=FsSymFeatVal, part id=FsSymFeatVal-Detail-GlossAbbreviationAllA"	"exact"
"FsSymFeatVal"	"Name"	"Name"	""	"slice"	"MorphologyParts.xml, bin class=FsSymFeatVal, part id=FsSymFeatVal-Detail-NameAllA"	"ambiguous"
"FsSymFeatVal"	"Name"	"Value Name"	""	"slice"	"Morphology.fwlayout, layout class=FsSymFeatVal type=detail name=EditValue, ref=NameAllA resolved via Parts/*.xml | Morphology.fwlayout, layout class=FsSymFeatVal type=detail name=PhonEditValue, ref=NameAllA resolved via Parts/*.xml"	"ambiguous"
"FsSymFeatVal"	"RightGlossSep"	"Right Gloss Separator"	""	"slice"	"MorphologyParts.xml, bin class=FsSymFeatVal, part id=FsSymFeatVal-Detail-RightGlossSepAllA"	"exact"
"FsSymFeatVal"	"ShowInGloss"	"Use Abbreviation for value"	""	"slice"	"Morphology.fwlayout, layout class=FsSymFeatVal type=detail name=EditValue, ref=ShowInGloss resolved via Parts/*.xml"	"exact"
"LexEntry"	""	"Entries"	""	"strings-en"	"strings-en.xml, group=AlternativeTitles, id=LexEntry-Plural"	"ambiguous"
"LexEntry"	""	"Entry"	""	"strings-en"	"strings-en.xml, group=ClassNames, id=LexEntry"	"ambiguous"
"LexEntry"	"$child"	"$label"	""	"slice"	"LexEntry.fwlayout, layout class=LexEntry type=jtview name=publishStemPara | LexEntry.fwlayout, layout class=LexEntry type=jtview name=publishStemMinorPara | LexEntry.fwlayout, layout class=LexEntry type=jtview name=publishRootPara | LexEntry.fwlayout, layout class=LexEntry type=jtview name=publishRootMinorPara | LexEntry.fwlayout, layout class=LexEntry type=jtview name=publishRootSubentryPara | +7 more"	"exact"
"LexEntry"	"AlternateFormsConfig"	"Allomorphs"	""	"slice"	"LexEntry.fwlayout, layout class=LexEntry type=jtview name=publishStemPara | LexEntry.fwlayout, layout class=LexEntry type=jtview name=publishStemMinorPara | LexEntry.fwlayout, layout class=LexEntry type=jtview name=publishRootPara | LexEntry.fwlayout, layout class=LexEntry type=jtview name=publishRootMinorPara | LexEntry.fwlayout, layout class=LexEntry type=jtview name=publishRootSubentryPara | +2 more"	"exact"
"LexEntry"	"AlternateFormsSection"	"Allomorphs"	""	"slice"	"LexEntry.fwlayout, layout class=LexEntry type=detail name=Normal"	"exact"
"LexEntry"	"AsVariantHeadwordPub"	"Variant Form"	""	"slice"	"LexEntry.fwlayout, layout class=LexEntry type=jtview name=publishHeadwordForStemVariantRef | LexEntry.fwlayout, layout class=LexEntry type=jtview name=publishHeadwordForStemSenseVariantRef | LexEntry.fwlayout, layout class=LexEntry type=jtview name=publishHeadwordForCdSenseVariantRef | LexEntry.fwlayout, layout class=LexEntry type=jtview name=publishHeadwordForStemMinorVariantRef | LexEntry.fwlayout, layout class=LexEntry type=jtview name=publishHeadwordForStemMinorSenseVariantRef | +10 more"	"exact"
"LexEntry"	"Bibliography"	"Bibliography"	""	"slice"	"LexEntryParts.xml, bin class=LexEntry, part id=LexEntry-Detail-BibliographyAllA"	"exact"
"LexEntry"	"BibliographyPub"	"Bibliography"	""	"slice"	"LexEntry.fwlayout, layout class=LexEntry type=jtview name=publishStemPara | LexEntry.fwlayout, layout class=LexEntry type=jtview name=publishStemMinorPara | LexEntry.fwlayout, layout class=LexEntry type=jtview name=publishRootPara | LexEntry.fwlayout, layout class=LexEntry type=jtview name=publishRootMinorPara | LexEntry.fwlayout, layout class=LexEntry type=jtview name=publishRootSubentryPara | +1 more"	"ambiguous"
"LexEntry"	"BibliographyPub"	"Bibliography (Entry)"	""	"slice"	"LexEntry.fwlayout, layout class=LexEntry type=jtview name=publishBiblioCd"	"ambiguous"
"LexEntry"	"CitationForm"	"Citation Form"	""	"slice"	"LexEntry.fwlayout, layout class=LexEntry type=detail name=Normal, ref=CitationFormAllV resolved via Parts/*.xml"	"ambiguous"
"LexEntry"	"CitationForm"	"Lexeme"	"The Citation Form is used to override the Lexeme Form as the headword in the printed dictionary."	"slice"	"LexEntryParts.xml, bin class=LexEntry, part id=LexEntry-Detail-CitationFormAllV"	"ambiguous"
"LexEntry"	"CitationFormPub"	"Citation Form"	""	"slice"	"LexEntry.fwlayout, layout class=LexEntry type=jtview name=publishStemPara | LexEntry.fwlayout, layout class=LexEntry type=jtview name=publishStemMinorPara | LexEntry.fwlayout, layout class=LexEntry type=jtview name=publishRootPara | LexEntry.fwlayout, layout class=LexEntry type=jtview name=publishRootMinorPara | LexEntry.fwlayout, layout class=LexEntry type=jtview name=publishRootSubentryPara"	"ambiguous"
"LexEntry"	"CitationFormPub"	"Citation form"	""	"slice"	"LexEntry.fwlayout, layout class=LexEntry type=jtview name=publishCfCd"	"ambiguous"
"LexEntry"	"Comment"	"Note"	""	"slice"	"LexEntryParts.xml, bin class=LexEntry, part id=LexEntry-Detail-CommentAllA"	"exact"
"LexEntry"	"CommentPub"	"Note"	""	"slice"	"LexEntry.fwlayout, layout class=LexEntry type=jtview name=publishStemPara | LexEntry.fwlayout, layout class=LexEntry type=jtview name=publishStemMinorPara | LexEntry.fwlayout, layout class=LexEntry type=jtview name=publishRootPara | LexEntry.fwlayout, layout class=LexEntry type=jtview name=publishRootMinorPara | LexEntry.fwlayout, layout class=LexEntry type=jtview name=publishRootSubentryPara | +2 more"	"exact"
"LexEntry"	"ComplexFormEntries"	"Complex Forms"	""	"slice"	"LexEntryParts.xml, bin class=LexEntry, part id=LexEntry-Detail-ComplexFormEntries"	"exact"
"LexEntry"	"ComplexFormHeadwordPub"	"Complex Form"	""	"slice"	"LexEntry.fwlayout, layout class=LexEntry type=jtview name=publishStemComplexFormHeadword | LexEntry.fwlayout, layout class=LexEntry type=jtview name=publishStemSenseComplexFormHeadword | LexEntry.fwlayout, layout class=LexEntry type=jtview name=publishCdSenseComplexFormHeadword | LexEntry.fwlayout, layout class=LexEntry type=jtview name=publishStemMinorComplexFormHeadword | LexEntry.fwlayout, layout class=LexEntry type=jtview name=publishStemMinorSenseComplexFormHeadword | +10 more"	"exact"
"LexEntry"	"ComplexFormsNotSubentries"	"Other Referenced Complex Forms"	""	"slice"	"LexEntry.fwlayout, layout class=LexEntry type=jtview name=publishRootPara"	"ambiguous"
"LexEntry"	"ComplexFormsNotSubentries"	"Referenced Complex Forms"	""	"slice"	"LexEntry.fwlayout, layout class=LexEntry type=jtview name=publishRootMinorPara"	"ambiguous"
"LexEntry"	"DateCreated"	"Date Created"	""	"slice"	"LexEntry.fwlayout, layout class=LexEntry type=jtview name=publishStemPara | LexEntry.fwlayout, layout class=LexEntry type=jtview name=publishStemMinorPara | LexEntry.fwlayout, layout class=LexEntry type=jtview name=publishRootPara | LexEntry.fwlayout, layout class=LexEntry type=jtview name=publishRootMinorPara | LexEntry.fwlayout, layout class=LexEntry type=jtview name=publishRootSubentryPara | +3 more"	"exact"
"LexEntry"	"DateModified"	"Date Modified"	""	"slice"	"LexEntry.fwlayout, layout class=LexEntry type=jtview name=publishStemPara | LexEntry.fwlayout, layout class=LexEntry type=jtview name=publishStemMinorPara | LexEntry.fwlayout, layout class=LexEntry type=jtview name=publishRootPara | LexEntry.fwlayout, layout class=LexEntry type=jtview name=publishRootMinorPara | LexEntry.fwlayout, layout class=LexEntry type=jtview name=publishRootSubentryPara | +3 more"	"exact"
"LexEntry"	"DialectLabels"	"Dialect Labels (Entry)"	""	"slice"	"LexEntryParts.xml, bin class=LexEntry, part id=LexEntry-Detail-DialectLabelsEntry"	"exact"
"LexEntry"	"EntryRefs"	"Components"	""	"slice"	"LexEntryParts.xml, bin class=LexEntry, part id=LexEntry-Detail-EntryRefsGhostComponents"	"ambiguous"
"LexEntry"	"EntryRefs"	"Variant of"	""	"slice"	"LexEntryParts.xml, bin class=LexEntry, part id=LexEntry-Detail-EntryRefsGhostVariantOf"	"ambiguous"
"LexEntry"	"EntryType"	"Entry Type"	""	"slice"	"LexEntryParts.xml, bin class=LexEntry, part id=LexEntry-Detail-EntryType"	"exact"
"LexEntry"	"EtymologyConfig"	"Etymology"	""	"slice"	"LexEntry.fwlayout, layout class=LexEntry type=jtview name=publishStemPara | LexEntry.fwlayout, layout class=LexEntry type=jtview name=publishStemMinorPara | LexEntry.fwlayout, layout class=LexEntry type=jtview name=publishRootPara | LexEntry.fwlayout, layout class=LexEntry type=jtview name=publishRootMinorPara | LexEntry.fwlayout, layout class=LexEntry type=jtview name=publishRootSubentryPara | +2 more"	"exact"
"LexEntry"	"GrammaticalFunctionsSection"	"Grammatical Info. Details"	""	"slice"	"LexEntry.fwlayout, layout class=LexEntry type=detail name=Normal"	"exact"
"LexEntry"	"HeadWordRef"	"Referenced Headword"	""	"slice"	"LexEntry.fwlayout, layout class=LexEntry type=jtview name=publishStemCrossRef | LexEntry.fwlayout, layout class=LexEntry type=jtview name=publishStemMinorCrossRef | LexEntry.fwlayout, layout class=LexEntry type=jtview name=publishRootCrossRef | LexEntry.fwlayout, layout class=LexEntry type=jtview name=publishRootMinorCrossRef | LexEntry.fwlayout, layout class=LexEntry type=jtview name=publishRootMinorSubCrossRef | +11 more"	"exact"
"LexEntry"	"HeadWordReversal"	"Referenced Headword"	""	"slice"	"Reversal.fwlayout, layout class=LexEntry type=jtview name=publishRefMainEntryForReversal | Reversal.fwlayout, layout class=LexEntry type=jtview name=publishCrossRefForReversal"	"exact"
"LexEntry"	"HomographNumber"	"Homograph Number"	""	"slice"	"LexEntry.fwlayout, layout class=LexEntry type=jtview name=publishStemPara | LexEntry.fwlayout, layout class=LexEntry type=jtview name=publishStemMinorPara | LexEntry.fwlayout, layout class=LexEntry type=jtview name=publishRootPara | LexEntry.fwlayout, layout class=LexEntry type=jtview name=publishRootMinorPara | LexEntry.fwlayout, layout class=LexEntry type=jtview name=publishRootSubentryPara | +1 more"	"exact"
"LexEntry"	"ImportResidue"	"Import Residue"	""	"slice"	"LexEntry.fwlayout, layout class=LexEntry type=detail name=Normal"	"exact"
"LexEntry"	"LexEntryReferences"	"Cross References"	""	"slice"	"LexEntryParts.xml, bin class=LexEntry, part id=LexEntry-Detail-CurrentLexReferences"	"exact"
"LexEntry"	"LexReferencesConfig"	"Cross References"	""	"slice"	"LexEntry.fwlayout, layout class=LexEntry type=jtview name=publishStemPara | LexEntry.fwlayout, layout class=LexEntry type=jtview name=publishStemMinorPara | LexEntry.fwlayout, layout class=LexEntry type=jtview name=publishRootPara | LexEntry.fwlayout, layout class=LexEntry type=jtview name=publishRootMinorPara | LexEntry.fwlayout, layout class=LexEntry type=jtview name=publishRootSubentryPara | +2 more"	"exact"
"LexEntry"	"LexemeForm"	"Lexeme Form"	""	"slice"	"LexEntry.fwlayout, layout class=LexEntry type=detail name=Normal"	"exact"
"LexEntry"	"LiteralMeaning"	"Literal Meaning"	""	"slice"	"LexEntryParts.xml, bin class=LexEntry, part id=LexEntry-Detail-LiteralMeaningAllA"	"exact"
"LexEntry"	"LiteralMeaningPub"	"Literal Meaning"	""	"slice"	"LexEntry.fwlayout, layout class=LexEntry type=jtview name=publishStemPara | LexEntry.fwlayout, layout class=LexEntry type=jtview name=publishStemMinorPara | LexEntry.fwlayout, layout class=LexEntry type=jtview name=publishRootPara | LexEntry.fwlayout, layout class=LexEntry type=jtview name=publishRootMinorPara | LexEntry.fwlayout, layout class=LexEntry type=jtview name=publishRootSubentryPara | +2 more"	"exact"
"LexEntry"	"MLHeadWordPub"	"Headword"	""	"slice"	"LexEntry.fwlayout, layout class=LexEntry type=jtview name=CrossRefPub | LexEntry.fwlayout, layout class=LexEntry type=jtview name=SubentryUnderPub | LexEntry.fwlayout, layout class=LexEntry type=jtview name=publishStemPara | LexEntry.fwlayout, layout class=LexEntry type=jtview name=publishStemMinorPara | LexEntry.fwlayout, layout class=LexEntry type=jtview name=publishRootPara | +2 more"	"exact"
"LexEntry"	"MinorEntryConfig"	"Minor Entry"	""	"slice"	"LexEntry.fwlayout, layout class=LexEntry type=jtview name=publishStemMinorEntry | LexEntry.fwlayout, layout class=LexEntry type=jtview name=publishRootMinorEntry"	"exact"
"LexEntry"	"PicturesConfig"	"Pictures"	""	"slice"	"LexEntry.fwlayout, layout class=LexEntry type=jtview name=publishStemEntry | LexEntry.fwlayout, layout class=LexEntry type=jtview name=publishRootEntry"	"exact"
"LexEntry"	"PronunciationsConfig"	"Pronunciations"	""	"slice"	"LexEntry.fwlayout, layout class=LexEntry type=jtview name=publishStemPara | LexEntry.fwlayout, layout class=LexEntry type=jtview name=publishStemMinorPara | LexEntry.fwlayout, layout class=LexEntry type=jtview name=publishRootPara | LexEntry.fwlayout, layout class=LexEntry type=jtview name=publishRootMinorPara | LexEntry.fwlayout, layout class=LexEntry type=jtview name=publishRootSubentryPara | +2 more"	"exact"
"LexEntry"	"PublicationSection"	"Publication Settings"	""	"slice"	"LexEntry.fwlayout, layout class=LexEntry type=detail name=Normal"	"exact"
"LexEntry"	"PublishIn"	"Publish Entry In"	"Remove a publication from this field to completely exclude this entry from that publication.  Nothing in the entry will appear, and it will not appear in references."	"slice"	"LexEntryParts.xml, bin class=LexEntry, part id=LexEntry-Detail-PublishIn"	"ambiguous"
"LexEntry"	"PublishIn"	"Publish Pronunciation In"	"Remove a publication from this field to exclude only this pronunciation from that publication."	"slice"	"LexEntryParts.xml, bin class=LexEntry, part id=LexEntry-Detail-PublishInForPronunciations"	"ambiguous"
"LexEntry"	"Restrictions"	"Restrictions"	""	"slice"	"LexEntryParts.xml, bin class=LexEntry, part id=LexEntry-Detail-RestrictionsAllA"	"exact"
"LexEntry"	"RestrictionsEntryPub"	"Restrictions (Entry)"	""	"slice"	"LexEntry.fwlayout, layout class=LexEntry type=jtview name=publishStemPara | LexEntry.fwlayout, layout class=LexEntry type=jtview name=publishStemMinorPara | LexEntry.fwlayout, layout class=LexEntry type=jtview name=publishRootPara | LexEntry.fwlayout, layout class=LexEntry type=jtview name=publishRootMinorPara | LexEntry.fwlayout, layout class=LexEntry type=jtview name=publishRestrictCd"	"exact"
"LexEntry"	"RootSubentriesConfig"	"Subentries"	""	"slice"	"LexEntry.fwlayout, layout class=LexEntry type=jtview name=publishRootEntry"	"ambiguous"
"LexEntry"	"RootSubentriesConfig"	"Subsubentries"	""	"slice"	"LexEntry.fwlayout, layout class=LexEntry type=jtview name=publishRootSubentry"	"ambiguous"
"LexEntry"	"Self"	"Messages"	""	"slice"	"LexEntryParts.xml, bin class=LexEntry, part id=LexEntry-Detail-Messages"	"exact"
"LexEntry"	"SensesConfig"	"Senses"	""	"slice"	"LexEntry.fwlayout, layout class=LexEntry type=jtview name=publishStemPara | LexEntry.fwlayout, layout class=LexEntry type=jtview name=publishStemMinorPara | LexEntry.fwlayout, layout class=LexEntry type=jtview name=publishRootPara | LexEntry.fwlayout, layout class=LexEntry type=jtview name=publishRootMinorPara | LexEntry.fwlayout, layout class=LexEntry type=jtview name=publishRootSubentryPara"	"exact"
"LexEntry"	"ShowMainEntryIn"	"Show As Headword In"	"The current entry is included as a main entry headword only in publications shown in this field; otherwise, it only appears in references."	"slice"	"LexEntry.fwlayout, layout class=LexEntry type=detail name=Normal, ref=ShowMainEntryIn resolved via Parts/*.xml | LexEntryParts.xml, bin class=LexEntry, part id=LexEntry-Detail-ShowMainEntryIn"	"exact"
"LexEntry"	"StemComplexFormsConfig"	"Referenced Complex Forms"	""	"slice"	"LexEntry.fwlayout, layout class=LexEntry type=jtview name=publishStemPara | LexEntry.fwlayout, layout class=LexEntry type=jtview name=publishStemMinorPara"	"ambiguous"
"LexEntry"	"StemComplexFormsConfig"	"Referenced Complex Forms (of Entry)"	""	"slice"	"Reversal.fwlayout, layout class=LexEntry type=jtview name=publishRIELexEntry19"	"ambiguous"
"LexEntry"	"StemMainEntryConfig"	"Component References"	""	"slice"	"LexEntry.fwlayout, layout class=LexEntry type=jtview name=publishStemPara | LexEntry.fwlayout, layout class=LexEntry type=jtview name=publishComponentsCd"	"ambiguous"
"LexEntry"	"StemMainEntryConfig"	"Primary Entry References"	""	"slice"	"Reversal.fwlayout, layout class=LexEntry type=jtview name=publishRIELexEntryPrimaryEntries"	"ambiguous"
"LexEntry"	"StemMinorComponentsConfig"	"Components"	""	"slice"	"LexEntry.fwlayout, layout class=LexEntry type=jtview name=publishRootMinorPara"	"exact"
"LexEntry"	"Subentries"	"Subentries"	"Show these subentries below this entry in root-based dictionary layouts."	"slice"	"LexEntryParts.xml, bin class=LexEntry, part id=LexEntry-Detail-Subentries"	"exact"
"LexEntry"	"SummaryDefinition"	"Summary Definition"	""	"slice"	"LexEntryParts.xml, bin class=LexEntry, part id=LexEntry-Detail-SummaryDefinitionAllA"	"exact"
"LexEntry"	"SummaryDefinitionPub"	"Summary Definition"	""	"slice"	"LexEntry.fwlayout, layout class=LexEntry type=jtview name=publishStemPara | LexEntry.fwlayout, layout class=LexEntry type=jtview name=publishStemMinorPara | LexEntry.fwlayout, layout class=LexEntry type=jtview name=publishRootPara | LexEntry.fwlayout, layout class=LexEntry type=jtview name=publishRootMinorPara | LexEntry.fwlayout, layout class=LexEntry type=jtview name=publishStemComplexFormSummaryDef | +49 more"	"exact"
"LexEntry"	"VariantFormsConfig"	"Variant Forms"	""	"slice"	"LexEntry.fwlayout, layout class=LexEntry type=jtview name=publishStemPara | LexEntry.fwlayout, layout class=LexEntry type=jtview name=publishStemMinorPara | LexEntry.fwlayout, layout class=LexEntry type=jtview name=publishRootPara | LexEntry.fwlayout, layout class=LexEntry type=jtview name=publishRootMinorPara | LexEntry.fwlayout, layout class=LexEntry type=jtview name=publishRootSubentryPara | +1 more"	"ambiguous"
"LexEntry"	"VariantFormsConfig"	"Variants (of Entry)"	""	"slice"	"Reversal.fwlayout, layout class=LexEntry type=jtview name=publishRIELexEntryVariants"	"ambiguous"
"LexEntry"	"VariantFormsSection"	"Variants"	""	"slice"	"LexEntry.fwlayout, layout class=LexEntry type=detail name=Normal"	"exact"
"LexEntry"	"VariantPronunciationsConfig"	"Variant Pronunciations"	""	"slice"	"LexEntry.fwlayout, layout class=LexEntry type=jtview name=publishPronunForStemVariantRef | LexEntry.fwlayout, layout class=LexEntry type=jtview name=publishPronunForStemSenseVariantRef | LexEntry.fwlayout, layout class=LexEntry type=jtview name=publishPronunForCdSenseVariantRef | LexEntry.fwlayout, layout class=LexEntry type=jtview name=publishPronunForStemMinorVariantRef | LexEntry.fwlayout, layout class=LexEntry type=jtview name=publishPronunForStemMinorSenseVariantRef | +8 more"	"exact"
"LexEntry"	"VisibleComplexFormBackRefs"	"Referenced Complex Forms"	"Complex forms shown in this field are shown as references in this component entry in Dictionary."	"slice"	"LexEntryParts.xml, bin class=LexEntry, part id=LexEntry-Detail-VisibleComplexFormEntries"	"exact"
"LexEntry"	"VisibleVariantEntryRefsConfig"	"Variant Of"	""	"slice"	"LexEntry.fwlayout, layout class=LexEntry type=jtview name=publishStemMinorPara | LexEntry.fwlayout, layout class=LexEntry type=jtview name=publishRootMinorPara"	"exact"
"LexEntryInflType"	"Conditions"	"Subtypes"	""	"slice"	"CmPossibility.fwlayout, layout class=LexEntryInflType type=detail name=EditVariant"	"exact"
"LexEntryInflType"	"GlossAppend"	"Append to Gloss"	""	"slice"	"CmPossibilityParts.xml, bin class=LexEntryInflType, part id=LexEntryInflType-Detail-GlossAppendAllA"	"exact"
"LexEntryInflType"	"GlossPrepend"	"Prepend to Gloss"	""	"slice"	"CmPossibilityParts.xml, bin class=LexEntryInflType, part id=LexEntryInflType-Detail-GlossPrependAllA"	"exact"
"LexEntryInflType"	"InflFeats"	"Inflection Features"	""	"slice"	"CmPossibilityParts.xml, bin class=LexEntryInflType, part id=LexEntryInflType-Detail-InflFeats"	"exact"
"LexEntryInflType"	"Slots"	"Slots"	""	"slice"	"CmPossibilityParts.xml, bin class=LexEntryInflType, part id=LexEntryInflType-Detail-Slots"	"exact"
"LexEntryInflType"	"Summary"	"Irr. Inflected Form"	""	"slice"	"CmPossibility.fwlayout, layout class=LexEntryInflType type=detail name=nestedVariant"	"exact"
"LexEntryRef"	""	"Complex or Variant Entry References"	""	"strings-en"	"strings-en.xml, group=AlternativeTitles, id=LexEntryRef-Plural"	"ambiguous"
"LexEntryRef"	""	"Entry Reference Type"	""	"strings-en"	"strings-en.xml, group=ClassNames, id=LexEntryRef"	"ambiguous"
"LexEntryRef"	"ComplexEntryTypes"	"Complex Form Type"	""	"slice"	"LexEntryParts.xml, bin class=LexEntryRef, part id=LexEntryRef-Detail-ComplexEntryTypes | LexEntryParts.xml, bin class=LexEntryRef, part id=LexEntryRef-Detail-RefComplexEntryTypes"	"exact"
"LexEntryRef"	"ComplexFormEntryTypePub"	"Complex Form Type"	""	"slice"	"Reversal.fwlayout, layout class=LexEntryRef type=jtview name=publishSenseComplexFormRefForReversal | Reversal.fwlayout, layout class=LexEntryRef type=jtview name=publishSubSenseComplexFormRefForReversal | Reversal.fwlayout, layout class=LexEntryRef type=jtview name=publishComplexFormRefForReversal"	"exact"
"LexEntryRef"	"ComplexFormExamplesConfig"	"Example Sentences"	""	"slice"	"LexEntry.fwlayout, layout class=LexEntryRef type=jtview name=publishStemComplexFormRef | LexEntry.fwlayout, layout class=LexEntryRef type=jtview name=publishStemSenseComplexFormRef | LexEntry.fwlayout, layout class=LexEntryRef type=jtview name=publishCdSenseComplexFormRef | LexEntry.fwlayout, layout class=LexEntryRef type=jtview name=publishStemMinorComplexFormRef | LexEntry.fwlayout, layout class=LexEntryRef type=jtview name=publishStemMinorSenseComplexFormRef | +6 more"	"exact"
"LexEntryRef"	"ComplexFormGramInfoConfig"	"Grammatical Info."	""	"slice"	"LexEntry.fwlayout, layout class=LexEntryRef type=jtview name=publishStemComplexFormRef | LexEntry.fwlayout, layout class=LexEntryRef type=jtview name=publishStemMinorComplexFormRef | LexEntry.fwlayout, layout class=LexEntryRef type=jtview name=publishRootMinorComplexFormRef"	"exact"
"LexEntryRef"	"ComponentHeadwordsConfig"	"Components"	""	"slice"	"LexEntry.fwlayout, layout class=LexEntryRef type=jtview name=publishStemEntryRefs | LexEntry.fwlayout, layout class=LexEntryRef type=jtview name=publishStemCd"	"ambiguous"
"LexEntryRef"	"ComponentHeadwordsConfig"	"Primary Entry (all)"	""	"slice"	"LexEntry.fwlayout, layout class=LexEntryRef type=jtview name=publishRootSubEntryRefs"	"ambiguous"
"LexEntryRef"	"ComponentHeadwordsConfig"	"Primary Entry(s)"	""	"slice"	"Reversal.fwlayout, layout class=LexEntryRef type=jtview name=publishEntryRefsForConfig"	"ambiguous"
"LexEntryRef"	"ComponentHeadwordsConfig"	"Referenced Entries"	""	"slice"	"LexEntry.fwlayout, layout class=LexEntryRef type=jtview name=publishStemMinorEntryRefs | LexEntry.fwlayout, layout class=LexEntryRef type=jtview name=publishRootComponentRefs | LexEntry.fwlayout, layout class=LexEntryRef type=jtview name=publishRootMinorEntryRefs"	"ambiguous"
"LexEntryRef"	"ComponentLexemes"	"Components"	""	"slice"	"LexEntryParts.xml, bin class=LexEntryRef, part id=LexEntryRef-Detail-ComponentLexemes"	"ambiguous"
"LexEntryRef"	"ComponentLexemes"	"Variant of"	""	"slice"	"LexEntryParts.xml, bin class=LexEntryRef, part id=LexEntryRef-Detail-ComponentLexemes"	"ambiguous"
"LexEntryRef"	"EntryTypesConfig"	"Complex Form Type"	""	"slice"	"LexEntry.fwlayout, layout class=LexEntryRef type=jtview name=publishStemEntryRefs | LexEntry.fwlayout, layout class=LexEntryRef type=jtview name=publishRootComponentRefs | LexEntry.fwlayout, layout class=LexEntryRef type=jtview name=publishStemCd | LexEntry.fwlayout, layout class=LexEntryRef type=jtview name=publishStemComplexFormRef | LexEntry.fwlayout, layout class=LexEntryRef type=jtview name=publishStemSenseComplexFormRef | +9 more"	"ambiguous"
"LexEntryRef"	"EntryTypesConfig"	"Type"	""	"slice"	"Reversal.fwlayout, layout class=LexEntryRef type=jtview name=publishEntryRefsForConfig"	"ambiguous"
"LexEntryRef"	"EntryTypesConfig"	"Variant Type"	""	"slice"	"LexEntry.fwlayout, layout class=LexEntryRef type=jtview name=publishStemMinorEntryRefs | LexEntry.fwlayout, layout class=LexEntryRef type=jtview name=publishRootMinorEntryRefs"	"ambiguous"
"LexEntryRef"	"EntryTypesConfig"	"Variant/Complex Form Type"	""	"slice"	"LexEntry.fwlayout, layout class=LexEntryRef type=jtview name=publishRootSubEntryRefs"	"ambiguous"
"LexEntryRef"	"HideMinorEntry"	"Show Minor Entry"	""	"slice"	"LexEntryParts.xml, bin class=LexEntryRef, part id=LexEntryRef-Detail-RefShowMinorEntry"	"exact"
"LexEntryRef"	"PrimaryHeadwordsConfig"	"Primary Entry (subentry under)"	""	"slice"	"LexEntry.fwlayout, layout class=LexEntryRef type=jtview name=publishRootSubEntryRefs"	"exact"
"LexEntryRef"	"PrimaryLexemes"	"Show Subentry under"	"The current entry is shown as a subentry under the component entries shown in this field in Dictionary."	"slice"	"LexEntryParts.xml, bin class=LexEntryRef, part id=LexEntryRef-Detail-PrimaryLexemes"	"exact"
"LexEntryRef"	"PublishAsMinorEntry"	"Show Minor Entry"	"Show this entry as a minor entry in Dictionary."	"slice"	"LexEntryParts.xml, bin class=LexEntryRef, part id=LexEntry-Detail-ShowMinorEntry"	"exact"
"LexEntryRef"	"RootSubEntryType"	"Complex Form Type"	""	"slice"	"LexEntry.fwlayout, layout class=LexEntryRef type=jtview name=publishRootSubEntryType"	"exact"
"LexEntryRef"	"SubentryUnder"	"Subentry Under"	""	"slice"	"LexEntry.fwlayout, layout class=LexEntryRef type=jtview name=publishRootComponentRefs"	"ambiguous"
"LexEntryRef"	"SubentryUnder"	"Subentry Under Reference"	""	"slice"	"LexEntry.fwlayout, layout class=LexEntryRef type=jtview name=publishRootSenseComplexFormRef | LexEntry.fwlayout, layout class=LexEntryRef type=jtview name=publishRootMinorSenseComplexFormRef | LexEntry.fwlayout, layout class=LexEntryRef type=jtview name=publishRootComplexFormRef | LexEntry.fwlayout, layout class=LexEntryRef type=jtview name=publishRootMinorSubSenseComplexFormRef | LexEntry.fwlayout, layout class=LexEntryRef type=jtview name=publishRootSubSenseComplexFormRef"	"ambiguous"
"LexEntryRef"	"Summary"	"Comment"	""	"slice"	"LexEntryParts.xml, bin class=LexEntryRef, part id=LexEntryRef-Detail-Summary | LexEntryParts.xml, bin class=LexEntryRef, part id=LexEntryRef-Detail-RefSummary"	"exact"
"LexEntryRef"	"SummaryPub"	"Comment"	""	"slice"	"LexEntry.fwlayout, layout class=LexEntryRef type=jtview name=publishStemVariantRef | LexEntry.fwlayout, layout class=LexEntryRef type=jtview name=publishCd | LexEntry.fwlayout, layout class=LexEntryRef type=jtview name=publishStemSenseVariantRef | LexEntry.fwlayout, layout class=LexEntryRef type=jtview name=publishCdSenseVariantRef | LexEntry.fwlayout, layout class=LexEntryRef type=jtview name=publishStemMinorVariantRef | +32 more"	"exact"
"LexEntryRef"	"VariantEntryDialectLabels"	"Dialect Labels (Entry)"	""	"slice"	"LexEntryParts.xml, bin class=LexEntryRef, part id=LexEntryRef-Detail-RefVariantDialectsEntry"	"exact"
"LexEntryRef"	"VariantEntryTypeConfig"	"Variant Type"	""	"slice"	"LexEntry.fwlayout, layout class=LexEntryRef type=jtview name=publishStemVariantRef | LexEntry.fwlayout, layout class=LexEntryRef type=jtview name=publishCd | LexEntry.fwlayout, layout class=LexEntryRef type=jtview name=publishStemSenseVariantRef | LexEntry.fwlayout, layout class=LexEntryRef type=jtview name=publishCdSenseVariantRef | LexEntry.fwlayout, layout class=LexEntryRef type=jtview name=publishStemMinorVariantRef | +9 more"	"exact"
"LexEntryRef"	"VariantEntryTypePub"	"Type"	""	"slice"	"Reversal.fwlayout, layout class=LexEntryRef type=jtview name=publishVariantRefForReversal | Reversal.fwlayout, layout class=LexEntryRef type=jtview name=publishRIESenseVariant"	"exact"
"LexEntryRef"	"VariantEntryTypes"	"Variant Type"	""	"slice"	"LexEntryParts.xml, bin class=LexEntryRef, part id=LexEntryRef-Detail-VariantEntryTypes | LexEntryParts.xml, bin class=LexEntryRef, part id=LexEntryRef-Detail-RefVariantEntryTypes"	"exact"
"LexEntryRef"	"VariantPronunciationsConfig"	"Variant Pronunciations"	""	"slice"	"Reversal.fwlayout, layout class=LexEntryRef type=jtview name=publishVariantRefForReversal | Reversal.fwlayout, layout class=LexEntryRef type=jtview name=publishRIESenseVariant"	"exact"
"LexEntryType"	""	"Complex Form Type"	""	"strings-en"	"strings-en.xml, group=PossibilityListItemTypeNames, ownerField=ComplexEntryTypes -> LexEntryType"	"ambiguous"
"LexEntryType"	""	"Complex Form Types"	""	"tool-config"	"toolConfiguration.xml tool=complexEntryTypeEdit + areaConfiguration.xml ownerClass=LexDb ownerField=ComplexEntryTypes"	"ambiguous"
"LexEntryType"	""	"Entry Type"	""	"strings-en"	"strings-en.xml, group=ClassNames, id=LexEntryType"	"ambiguous"
"LexEntryType"	""	"Variant Type"	""	"strings-en"	"strings-en.xml, group=PossibilityListItemTypeNames, ownerField=VariantEntryTypes -> LexEntryType"	"ambiguous"
"LexEntryType"	""	"Variant Types"	""	"tool-config"	"toolConfiguration.xml tool=variantEntryTypeEdit + areaConfiguration.xml ownerClass=LexDb ownerField=VariantEntryTypes"	"ambiguous"
"LexEntryType"	"AbbreviationPub"	"Abbreviation"	""	"slice"	"LexEntry.fwlayout, layout class=LexEntryType type=jtview name=publishStemEntryType | LexEntry.fwlayout, layout class=LexEntryType type=jtview name=publishStemMinorEntryType | LexEntry.fwlayout, layout class=LexEntryType type=jtview name=publishRootMinorEntryType | LexEntry.fwlayout, layout class=LexEntryType type=jtview name=publishRootMinorSubEntryType | LexEntry.fwlayout, layout class=LexEntryType type=jtview name=publishRootComponentType | +1 more"	"ambiguous"
"LexEntryType"	"AbbreviationPub"	"Entry Type Abbreviation"	""	"slice"	"Reversal.fwlayout, layout class=LexEntryType type=jtview name=publishAbbreviationForReversal"	"ambiguous"
"LexEntryType"	"Conditions"	"Subtypes"	""	"slice"	"CmPossibility.fwlayout, layout class=LexEntryType type=detail name=EditVariant"	"exact"
"LexEntryType"	"NamePub"	"Name"	""	"slice"	"LexEntry.fwlayout, layout class=LexEntryType type=jtview name=publishRootSubEntryType | LexEntry.fwlayout, layout class=LexEntryType type=jtview name=publishStemEntryType | LexEntry.fwlayout, layout class=LexEntryType type=jtview name=publishStemMinorEntryType | LexEntry.fwlayout, layout class=LexEntryType type=jtview name=publishRootMinorEntryType | LexEntry.fwlayout, layout class=LexEntryType type=jtview name=publishRootMinorSubEntryType | +27 more"	"exact"
"LexEntryType"	"ReverseAbbr"	"Reverse Abbr."	""	"slice"	"CmPossibilityParts.xml, bin class=LexEntryType, part id=LexEntryType-Detail-ReverseAbbrAllA"	"exact"
"LexEntryType"	"ReverseAbbrPub"	"Abbreviation"	""	"slice"	"LexEntry.fwlayout, layout class=LexEntryType type=jtview name=publishRootSubEntryType"	"ambiguous"
"LexEntryType"	"ReverseAbbrPub"	"Reverse Abbreviation"	""	"slice"	"LexEntry.fwlayout, layout class=LexEntryType type=jtview name=publishStemComplexFormType | LexEntry.fwlayout, layout class=LexEntryType type=jtview name=publishStemSenseComplexFormType | LexEntry.fwlayout, layout class=LexEntryType type=jtview name=publishCdSenseComplexFormType | LexEntry.fwlayout, layout class=LexEntryType type=jtview name=publishStemMinorComplexFormType | LexEntry.fwlayout, layout class=LexEntryType type=jtview name=publishStemMinorSenseComplexFormType | +20 more"	"ambiguous"
"LexEntryType"	"ReverseName"	"Reverse Name"	""	"slice"	"CmPossibilityParts.xml, bin class=LexEntryType, part id=LexEntryType-Detail-ReverseNameAllA"	"exact"
"LexEntryType"	"Subtypes"	"Subtypes"	""	"slice"	"CmPossibility.fwlayout, layout class=LexEntryType type=detail name=EditComplex"	"exact"
"LexEntryType"	"Summary"	"Complex Form Type"	""	"slice"	"CmPossibility.fwlayout, layout class=LexEntryType type=detail name=nestedComplex"	"ambiguous"
"LexEntryType"	"Summary"	"Variant Type"	""	"slice"	"CmPossibility.fwlayout, layout class=LexEntryType type=detail name=nestedVariant"	"ambiguous"
"LexEtymology"	""	"Etymologies"	""	"strings-en"	"strings-en.xml, group=AlternativeTitles, id=LexEtymology-Plural"	"ambiguous"
"LexEtymology"	""	"Etymology"	""	"strings-en"	"strings-en.xml, group=ClassNames, id=LexEtymology"	"ambiguous"
"LexEtymology"	"Bibliography"	"Bibliographic Source"	""	"slice"	"LexEntry.fwlayout, layout class=LexEtymology type=detail name=Normal, ref=Bibliography resolved via Parts/*.xml | LexEntryParts.xml, bin class=LexEtymology, part id=LexEtymology-Detail-Bibliography"	"exact"
"LexEtymology"	"BibliographyPub"	"Bibliographic Source"	""	"slice"	"LexEntry.fwlayout, layout class=LexEtymology type=jtview name=publishStemEtymology | LexEntry.fwlayout, layout class=LexEtymology type=jtview name=publishStemMinorEtymology | LexEntry.fwlayout, layout class=LexEtymology type=jtview name=publishRootEtymology | LexEntry.fwlayout, layout class=LexEtymology type=jtview name=publishRootMinorEtymology | LexEntry.fwlayout, layout class=LexEtymology type=jtview name=publishRootMinorSubEtymology | +3 more"	"exact"
"LexEtymology"	"Comment"	"Following Comment"	""	"slice"	"LexEntry.fwlayout, layout class=LexEtymology type=detail name=Normal, ref=Comment resolved via Parts/*.xml | LexEntryParts.xml, bin class=LexEtymology, part id=LexEtymology-Detail-Comment"	"exact"
"LexEtymology"	"CommentPub"	"Following Comment"	""	"slice"	"LexEntry.fwlayout, layout class=LexEtymology type=jtview name=publishStemEtymology | LexEntry.fwlayout, layout class=LexEtymology type=jtview name=publishStemMinorEtymology | LexEntry.fwlayout, layout class=LexEtymology type=jtview name=publishRootEtymology | LexEntry.fwlayout, layout class=LexEtymology type=jtview name=publishRootMinorEtymology | LexEntry.fwlayout, layout class=LexEtymology type=jtview name=publishRootMinorSubEtymology | +3 more"	"exact"
"LexEtymology"	"Form"	"Source Form"	""	"slice"	"LexEntry.fwlayout, layout class=LexEtymology type=detail name=Normal, ref=Form resolved via Parts/*.xml | LexEntryParts.xml, bin class=LexEtymology, part id=LexEtymology-Detail-Form"	"exact"
"LexEtymology"	"FormPub"	"Source Form"	""	"slice"	"LexEntry.fwlayout, layout class=LexEtymology type=jtview name=publishStemEtymology | LexEntry.fwlayout, layout class=LexEtymology type=jtview name=publishStemMinorEtymology | LexEntry.fwlayout, layout class=LexEtymology type=jtview name=publishRootEtymology | LexEntry.fwlayout, layout class=LexEtymology type=jtview name=publishRootMinorEtymology | LexEntry.fwlayout, layout class=LexEtymology type=jtview name=publishRootMinorSubEtymology | +3 more"	"exact"
"LexEtymology"	"Gloss"	"Gloss"	""	"slice"	"LexEntry.fwlayout, layout class=LexEtymology type=detail name=Normal, ref=Gloss resolved via Parts/*.xml | LexEntryParts.xml, bin class=LexEtymology, part id=LexEtymology-Detail-Gloss"	"exact"
"LexEtymology"	"GlossPub"	"Gloss"	""	"slice"	"LexEntry.fwlayout, layout class=LexEtymology type=jtview name=publishStemEtymology | LexEntry.fwlayout, layout class=LexEtymology type=jtview name=publishStemMinorEtymology | LexEntry.fwlayout, layout class=LexEtymology type=jtview name=publishRootEtymology | LexEntry.fwlayout, layout class=LexEtymology type=jtview name=publishRootMinorEtymology | LexEntry.fwlayout, layout class=LexEtymology type=jtview name=publishRootMinorSubEtymology | +3 more"	"exact"
"LexEtymology"	"Language"	"Source Language"	""	"slice"	"LexEntry.fwlayout, layout class=LexEtymology type=detail name=Normal, ref=Language resolved via Parts/*.xml | LexEntryParts.xml, bin class=LexEtymology, part id=LexEtymology-Detail-Language"	"exact"
"LexEtymology"	"LanguageNotes"	"Source Language Notes"	""	"slice"	"LexEntry.fwlayout, layout class=LexEtymology type=detail name=Normal, ref=LanguageNotes resolved via Parts/*.xml | LexEntryParts.xml, bin class=LexEtymology, part id=LexEtymology-Detail-LanguageNotes"	"exact"
"LexEtymology"	"LanguageNotesPub"	"Source Language Notes"	""	"slice"	"LexEntry.fwlayout, layout class=LexEtymology type=jtview name=publishStemEtymology | LexEntry.fwlayout, layout class=LexEtymology type=jtview name=publishStemMinorEtymology | LexEntry.fwlayout, layout class=LexEtymology type=jtview name=publishRootEtymology | LexEntry.fwlayout, layout class=LexEtymology type=jtview name=publishRootMinorEtymology | LexEntry.fwlayout, layout class=LexEtymology type=jtview name=publishRootMinorSubEtymology | +2 more"	"exact"
"LexEtymology"	"LanguagePub"	"Source Language"	""	"slice"	"LexEntry.fwlayout, layout class=LexEtymology type=jtview name=publishStemEtymology | LexEntry.fwlayout, layout class=LexEtymology type=jtview name=publishStemMinorEtymology | LexEntry.fwlayout, layout class=LexEtymology type=jtview name=publishRootEtymology | LexEntry.fwlayout, layout class=LexEtymology type=jtview name=publishRootMinorEtymology | LexEntry.fwlayout, layout class=LexEtymology type=jtview name=publishRootMinorSubEtymology | +3 more"	"exact"
"LexEtymology"	"Note"	"Etymology Note"	""	"slice"	"LexEntry.fwlayout, layout class=LexEtymology type=detail name=Normal, ref=Note resolved via Parts/*.xml | LexEntryParts.xml, bin class=LexEtymology, part id=LexEtymology-Detail-Note"	"exact"
"LexEtymology"	"NotePub"	"Etymology Note"	""	"slice"	"Reversal.fwlayout, layout class=LexEtymology type=jtview name=publishForReversal"	"exact"
"LexEtymology"	"PrecComment"	"Preceding Annotation"	""	"slice"	"LexEntry.fwlayout, layout class=LexEtymology type=detail name=Normal, ref=PrecComment resolved via Parts/*.xml | LexEntryParts.xml, bin class=LexEtymology, part id=LexEtymology-Detail-PrecComment"	"exact"
"LexEtymology"	"PrecCommentPub"	"Preceding Annotation"	""	"slice"	"LexEntry.fwlayout, layout class=LexEtymology type=jtview name=publishStemEtymology | LexEntry.fwlayout, layout class=LexEtymology type=jtview name=publishStemMinorEtymology | LexEntry.fwlayout, layout class=LexEtymology type=jtview name=publishRootEtymology | LexEntry.fwlayout, layout class=LexEtymology type=jtview name=publishRootMinorEtymology | LexEntry.fwlayout, layout class=LexEtymology type=jtview name=publishRootMinorSubEtymology | +3 more"	"exact"
"LexExampleSentence"	""	"Example"	""	"strings-en"	"strings-en.xml, group=ClassNames, id=LexExampleSentence"	"ambiguous"
"LexExampleSentence"	""	"Examples"	""	"strings-en"	"strings-en.xml, group=AlternativeTitles, id=LexExampleSentence-Plural"	"ambiguous"
"LexExampleSentence"	"$child"	"$label"	""	"slice"	"LexSense.fwlayout, layout class=LexExampleSentence type=jtview name=publishStem | LexSense.fwlayout, layout class=LexExampleSentence type=jtview name=publishCd | LexSense.fwlayout, layout class=LexExampleSentence type=jtview name=publishRoot"	"exact"
"LexExampleSentence"	"Example"	"Example"	""	"slice"	"LexSense.fwlayout, layout class=LexExampleSentence type=detail name=Normal, ref=ExampleAllV resolved via Parts/*.xml | LexSense.fwlayout, layout class=LexExampleSentence type=detail name=Notes, ref=ExampleAllV resolved via Parts/*.xml | LexSenseParts.xml, bin class=LexExampleSentence, part id=LexExampleSentence-Detail-ExampleAllV"	"exact"
"LexExampleSentence"	"ExamplePub"	"Example"	""	"slice"	"LexSense.fwlayout, layout class=LexExampleSentence type=jtview name=publicationNew | LexSense.fwlayout, layout class=LexExampleSentence type=jtview name=publishStem | LexSense.fwlayout, layout class=LexExampleSentence type=jtview name=publishCd | LexSense.fwlayout, layout class=LexExampleSentence type=jtview name=publishStemMinor | LexSense.fwlayout, layout class=LexExampleSentence type=jtview name=publishRoot | +16 more"	"exact"
"LexExampleSentence"	"PublishIn"	"Publish Example In"	"Remove a publication from this field to exclude only this example from that publication."	"slice"	"LexSenseParts.xml, bin class=LexExampleSentence, part id=LexExampleSentence-Detail-PublishIn"	"exact"
"LexExampleSentence"	"Reference"	"Reference"	""	"slice"	"LexSenseParts.xml, bin class=LexExampleSentence, part id=LexExampleSentence-Detail-Reference"	"exact"
"LexExampleSentence"	"ReferencePub"	"Reference"	""	"slice"	"LexSense.fwlayout, layout class=LexExampleSentence type=jtview name=publishStem | LexSense.fwlayout, layout class=LexExampleSentence type=jtview name=publishCd | LexSense.fwlayout, layout class=LexExampleSentence type=jtview name=publishStemMinor | LexSense.fwlayout, layout class=LexExampleSentence type=jtview name=publishRoot | LexSense.fwlayout, layout class=LexExampleSentence type=jtview name=publishRootMinor | +13 more"	"exact"
"LexExampleSentence"	"TranslationsConfig"	"Translations"	""	"slice"	"LexSense.fwlayout, layout class=LexExampleSentence type=jtview name=publishStem | LexSense.fwlayout, layout class=LexExampleSentence type=jtview name=publishCd | LexSense.fwlayout, layout class=LexExampleSentence type=jtview name=publishStemMinor | LexSense.fwlayout, layout class=LexExampleSentence type=jtview name=publishRoot | LexSense.fwlayout, layout class=LexExampleSentence type=jtview name=publishRootMinor | +15 more"	"exact"
"LexExampleSentence"	"TranslationsPub"	"Translations"	""	"slice"	"LexSense.fwlayout, layout class=LexExampleSentence type=jtview name=publicationNew"	"exact"
"LexExtendedNote"	""	"Extended Note"	""	"strings-en"	"strings-en.xml, group=ClassNames, id=LexExtendedNote"	"ambiguous"
"LexExtendedNote"	""	"Extended Notes"	""	"strings-en"	"strings-en.xml, group=AlternativeTitles, id=LexExtendedNote-Plural"	"ambiguous"
"LexExtendedNote"	"Discussion"	"Discussion"	""	"slice"	"LexSense.fwlayout, layout class=LexExtendedNote type=detail name=Normal, ref=DiscussionAllA resolved via Parts/*.xml | LexSenseParts.xml, bin class=LexExtendedNote, part id=LexExtendedNote-Detail-DiscussionAllA"	"exact"
"LexExtendedNote"	"ExtendedNoteType"	"Type"	""	"slice"	"LexSense.fwlayout, layout class=LexExtendedNote type=detail name=Normal, ref=Type resolved via Parts/*.xml | LexSenseParts.xml, bin class=LexExtendedNote, part id=LexExtendedNote-Detail-Type"	"exact"
"LexPronunciation"	""	"Pronunciation"	""	"strings-en"	"strings-en.xml, group=ClassNames, id=LexPronunciation"	"ambiguous"
"LexPronunciation"	""	"Pronunciations"	""	"strings-en"	"strings-en.xml, group=AlternativeTitles, id=LexPronunciation-Plural"	"ambiguous"
"LexPronunciation"	"CVPattern"	"CV Pattern"	""	"slice"	"LexEntry.fwlayout, layout class=LexPronunciation type=detail name=Normal, ref=CVPattern resolved via Parts/*.xml | LexEntry.fwlayout, layout class=LexPronunciation type=jtview name=publishStemForLexEntry, ref=CVPattern resolved via Parts/*.xml | LexEntry.fwlayout, layout class=LexPronunciation type=jtview name=publishStemMinorForLexEntry, ref=CVPattern resolved via Parts/*.xml | LexEntry.fwlayout, layout class=LexPronunciation type=jtview name=publishRootForLexEntry, ref=CVPattern resolved via Parts/*.xml | LexEntry.fwlayout, layout class=LexPronunciation type=jtview name=publishRootMinorForLexEntry, ref=CVPattern resolved via Parts/*.xml | +19 more"	"ambiguous"
"LexPronunciation"	"CVPattern"	"CVPattern"	""	"slice"	"LexEntryParts.xml, bin class=LexPronunciation, part id=LexPronunciation-Detail-CVPattern"	"ambiguous"
"LexPronunciation"	"Form"	"Pronunciation"	""	"slice"	"LexEntry.fwlayout, layout class=LexPronunciation type=detail name=Normal, ref=FormOnly resolved via Parts/*.xml | LexEntryParts.xml, bin class=LexPronunciation, part id=LexPronunciation-Detail-FormOnly"	"exact"
"LexPronunciation"	"FormPub"	"Pronunciation"	""	"slice"	"LexEntry.fwlayout, layout class=LexPronunciation type=jtview name=publishStemForLexEntry | LexEntry.fwlayout, layout class=LexPronunciation type=jtview name=publishStemMinorForLexEntry | LexEntry.fwlayout, layout class=LexPronunciation type=jtview name=publishRootForLexEntry | LexEntry.fwlayout, layout class=LexPronunciation type=jtview name=publishRootMinorForLexEntry | LexEntry.fwlayout, layout class=LexPronunciation type=jtview name=publishRootMinorSubForLexEntry | +18 more"	"exact"
"LexPronunciation"	"Location"	"Location"	""	"slice"	"LexEntryParts.xml, bin class=LexPronunciation, part id=LexPronunciation-Detail-Location"	"exact"
"LexPronunciation"	"LocationConfig"	"Location"	""	"slice"	"LexEntry.fwlayout, layout class=LexPronunciation type=jtview name=publishStemForLexEntry | LexEntry.fwlayout, layout class=LexPronunciation type=jtview name=publishStemMinorForLexEntry | LexEntry.fwlayout, layout class=LexPronunciation type=jtview name=publishRootForLexEntry | LexEntry.fwlayout, layout class=LexPronunciation type=jtview name=publishRootMinorForLexEntry | LexEntry.fwlayout, layout class=LexPronunciation type=jtview name=publishRootMinorSubForLexEntry | +18 more"	"exact"
"LexPronunciation"	"PublishIn"	"Publish Pronunciation In"	"Remove a publication from this field to exclude only this pronunciation from that publication."	"slice"	"LexEntry.fwlayout, layout class=LexPronunciation type=detail name=Normal, ref=PublishIn resolved via Parts/*.xml | LexEntryParts.xml, bin class=LexPronunciation, part id=LexPronunciation-Detail-PublishIn"	"exact"
"LexPronunciation"	"Tone"	"Tone"	""	"slice"	"LexEntry.fwlayout, layout class=LexPronunciation type=jtview name=publishStemForLexEntry, ref=Tone resolved via Parts/*.xml | LexEntry.fwlayout, layout class=LexPronunciation type=jtview name=publishStemMinorForLexEntry, ref=Tone resolved via Parts/*.xml | LexEntry.fwlayout, layout class=LexPronunciation type=jtview name=publishRootForLexEntry, ref=Tone resolved via Parts/*.xml | LexEntry.fwlayout, layout class=LexPronunciation type=jtview name=publishRootMinorForLexEntry, ref=Tone resolved via Parts/*.xml | LexEntry.fwlayout, layout class=LexPronunciation type=jtview name=publishRootMinorSubForLexEntry, ref=Tone resolved via Parts/*.xml | +19 more"	"exact"
"LexRefType"	""	"Lexical Relation"	""	"strings-en"	"strings-en.xml, group=ClassNames, id=LexRefType"	"ambiguous"
"LexRefType"	""	"Lexical Relations"	""	"tool-config"	"toolConfiguration.xml tool=lexRefEdit + areaConfiguration.xml ownerClass=LexDb ownerField=References"	"ambiguous"
"LexRefType"	"MappingType"	"Reference set type"	""	"slice"	"CmPossibilityParts.xml, bin class=LexRefType, part id=LexRefType-Detail-MappingType"	"exact"
"LexRefType"	"ReverseAbbreviation"	"Reverse Abbreviation"	""	"slice"	"CmPossibilityParts.xml, bin class=LexRefType, part id=LexRefType-Detail-ReverseAbbreviationAllA"	"exact"
"LexRefType"	"ReverseName"	"Reverse Name"	""	"slice"	"CmPossibilityParts.xml, bin class=LexRefType, part id=LexRefType-Detail-ReverseNameAllA"	"exact"
"LexReference"	""	"Lexical Relation"	""	"strings-en"	"strings-en.xml, group=ClassNames, id=LexReference"	"class-only"
"LexReference"	"AbbreviationPub"	"Relation Abbreviation"	""	"slice"	"LexEntry.fwlayout, layout class=LexReference type=jtview name=publishStemEntry | LexEntry.fwlayout, layout class=LexReference type=jtview name=publishStemMinorEntry | LexEntry.fwlayout, layout class=LexReference type=jtview name=publishRootEntry | LexEntry.fwlayout, layout class=LexReference type=jtview name=publishRootMinorEntry | LexEntry.fwlayout, layout class=LexReference type=jtview name=publishRootSubEntry | +11 more"	"exact"
"LexReference"	"EntryTargetsConfig"	"Targets"	""	"slice"	"LexEntry.fwlayout, layout class=LexReference type=jtview name=publishStemEntry | LexEntry.fwlayout, layout class=LexReference type=jtview name=publishStemMinorEntry | LexEntry.fwlayout, layout class=LexReference type=jtview name=publishRootEntry | LexEntry.fwlayout, layout class=LexReference type=jtview name=publishRootMinorEntry | LexEntry.fwlayout, layout class=LexReference type=jtview name=publishRootSubEntry | +2 more"	"exact"
"LexReference"	"NamePub"	"Relation Name"	""	"slice"	"LexEntry.fwlayout, layout class=LexReference type=jtview name=publishStemEntry | LexEntry.fwlayout, layout class=LexReference type=jtview name=publishStemMinorEntry | LexEntry.fwlayout, layout class=LexReference type=jtview name=publishRootEntry | LexEntry.fwlayout, layout class=LexReference type=jtview name=publishRootMinorEntry | LexEntry.fwlayout, layout class=LexReference type=jtview name=publishRootSubEntry | +11 more"	"exact"
"LexReference"	"SenseTargetsConfig"	"Targets"	""	"slice"	"LexSense.fwlayout, layout class=LexReference type=jtview name=publishStemSenseRef | LexSense.fwlayout, layout class=LexReference type=jtview name=publishCdSenseRef | LexSense.fwlayout, layout class=LexReference type=jtview name=publishStemMinorSenseRef | LexSense.fwlayout, layout class=LexReference type=jtview name=publishRootSenseRef | LexSense.fwlayout, layout class=LexReference type=jtview name=publishRootMinorSenseRef | +4 more"	"exact"
"LexSense"	""	"Classified Dictionary"	""	"strings-en"	"strings-en.xml, group=AlternativeTitles, id=LexSense-Classified"	"ambiguous"
"LexSense"	""	"Sense"	""	"strings-en"	"strings-en.xml, group=ClassNames, id=LexSense"	"ambiguous"
"LexSense"	""	"Senses"	""	"strings-en"	"strings-en.xml, group=AlternativeTitles, id=LexSense-Plural"	"ambiguous"
"LexSense"	"$child"	"$label"	""	"slice"	"LexSense.fwlayout, layout class=LexSense type=jtview name=publishCd | LexSense.fwlayout, layout class=LexSense type=jtview name=publishStem | LexSense.fwlayout, layout class=LexSense type=jtview name=publishStemMinor | LexSense.fwlayout, layout class=LexSense type=jtview name=publishRoot | LexSense.fwlayout, layout class=LexSense type=jtview name=publishRootMinor | +4 more"	"exact"
"LexSense"	"AnthroCodes"	"Anthropology Categories"	""	"slice"	"LexSenseParts.xml, bin class=LexSense, part id=LexSense-Detail-AnthroCodes"	"exact"
"LexSense"	"AnthroCodesConfig"	"Anthropology Categories"	""	"slice"	"LexSense.fwlayout, layout class=LexSense type=jtview name=publishCd | LexSense.fwlayout, layout class=LexSense type=jtview name=publishStem | LexSense.fwlayout, layout class=LexSense type=jtview name=publishStemMinor | LexSense.fwlayout, layout class=LexSense type=jtview name=publishRoot | LexSense.fwlayout, layout class=LexSense type=jtview name=publishRootMinor | +4 more"	"exact"
"LexSense"	"AnthroNote"	"Anthropology Note"	""	"slice"	"LexSense.fwlayout, layout class=LexSense type=detail name=Normal, ref=AnthroNoteAllA resolved via Parts/*.xml | LexSenseParts.xml, bin class=LexSense, part id=LexSense-Detail-AnthroNoteAllA"	"exact"
"LexSense"	"AnthroNotePub"	"Anthropology Note"	""	"slice"	"LexSense.fwlayout, layout class=LexSense type=jtview name=publishCd | LexSense.fwlayout, layout class=LexSense type=jtview name=publishStem | LexSense.fwlayout, layout class=LexSense type=jtview name=publishStemMinor | LexSense.fwlayout, layout class=LexSense type=jtview name=publishRoot | LexSense.fwlayout, layout class=LexSense type=jtview name=publishRootMinor | +4 more"	"exact"
"LexSense"	"Bibliography"	"Bibliography"	""	"slice"	"LexSense.fwlayout, layout class=LexSense type=detail name=Normal, ref=BibliographyAllA resolved via Parts/*.xml | LexSenseParts.xml, bin class=LexSense, part id=LexSense-Detail-BibliographyAllA"	"exact"
"LexSense"	"BibliographyPub"	"Bibliography"	""	"slice"	"LexSense.fwlayout, layout class=LexSense type=jtview name=publishCd | LexSense.fwlayout, layout class=LexSense type=jtview name=publishStem | LexSense.fwlayout, layout class=LexSense type=jtview name=publishStemMinor | LexSense.fwlayout, layout class=LexSense type=jtview name=publishRoot | LexSense.fwlayout, layout class=LexSense type=jtview name=publishRootMinor | +4 more"	"exact"
"LexSense"	"ComplexFormEntries"	"Complex Forms"	""	"slice"	"LexSenseParts.xml, bin class=LexSense, part id=LexSense-Detail-ComplexFormEntries"	"exact"
"LexSense"	"ComplexFormsNotSubentries"	"Other Referenced Complex Forms"	""	"slice"	"LexSense.fwlayout, layout class=LexSense type=jtview name=publishRoot"	"ambiguous"
"LexSense"	"ComplexFormsNotSubentries"	"Referenced Complex Forms"	""	"slice"	"LexSense.fwlayout, layout class=LexSense type=jtview name=publishRootSub | LexSense.fwlayout, layout class=LexSense type=jtview name=publishRootMinorSub"	"ambiguous"
"LexSense"	"Definition"	"Definition"	"Full meaning of this lexeme.  Used in the dictionary article."	"slice"	"LexSenseParts.xml, bin class=LexSense, part id=LexSense-Detail-DefinitionAllA"	"exact"
"LexSense"	"DefinitionPub"	"Definition"	""	"slice"	"LexSense.fwlayout, layout class=LexSense type=jtview name=publishCd | LexSense.fwlayout, layout class=LexSense type=jtview name=publishStem | LexSense.fwlayout, layout class=LexSense type=jtview name=publishStemMinor | LexSense.fwlayout, layout class=LexSense type=jtview name=publishRoot | LexSense.fwlayout, layout class=LexSense type=jtview name=publishRootMinor | +4 more"	"exact"
"LexSense"	"DialectLabels"	"Dialect Labels (Sense)"	""	"slice"	"LexSenseParts.xml, bin class=LexSense, part id=LexSense-Detail-DialectLabelsSense"	"exact"
"LexSense"	"DiscourseNote"	"Discourse Note"	""	"slice"	"LexSense.fwlayout, layout class=LexSense type=detail name=Normal, ref=DiscourseNoteAllA resolved via Parts/*.xml | LexSenseParts.xml, bin class=LexSense, part id=LexSense-Detail-DiscourseNoteAllA"	"exact"
"LexSense"	"DiscourseNotePub"	"Discourse Note"	""	"slice"	"LexSense.fwlayout, layout class=LexSense type=jtview name=publishCd | LexSense.fwlayout, layout class=LexSense type=jtview name=publishStem | LexSense.fwlayout, layout class=LexSense type=jtview name=publishStemMinor | LexSense.fwlayout, layout class=LexSense type=jtview name=publishRoot | LexSense.fwlayout, layout class=LexSense type=jtview name=publishRootMinor | +4 more"	"exact"
"LexSense"	"DomainTypes"	"Academic Domains"	""	"slice"	"LexSenseParts.xml, bin class=LexSense, part id=LexSense-Detail-DomainTypes"	"exact"
"LexSense"	"DomainTypesConfig"	"Academic Domains"	""	"slice"	"LexSense.fwlayout, layout class=LexSense type=jtview name=publishCd | LexSense.fwlayout, layout class=LexSense type=jtview name=publishStem | LexSense.fwlayout, layout class=LexSense type=jtview name=publishStemMinor | LexSense.fwlayout, layout class=LexSense type=jtview name=publishRoot | LexSense.fwlayout, layout class=LexSense type=jtview name=publishRootMinor | +4 more"	"exact"
"LexSense"	"EncyclopedicInfo"	"Encyclopedic Info"	""	"slice"	"LexSense.fwlayout, layout class=LexSense type=detail name=Normal, ref=EncyclopedicInfoAllA resolved via Parts/*.xml | LexSenseParts.xml, bin class=LexSense, part id=LexSense-Detail-EncyclopedicInfoAllA"	"exact"
"LexSense"	"EncyclopedicInfoPub"	"Encyclopedic Info."	""	"slice"	"LexSense.fwlayout, layout class=LexSense type=jtview name=publishCd | LexSense.fwlayout, layout class=LexSense type=jtview name=publishStem | LexSense.fwlayout, layout class=LexSense type=jtview name=publishStemMinor | LexSense.fwlayout, layout class=LexSense type=jtview name=publishRoot | LexSense.fwlayout, layout class=LexSense type=jtview name=publishRootMinor | +4 more"	"exact"
"LexSense"	"ExamplesConfig"	"Examples"	""	"slice"	"LexSense.fwlayout, layout class=LexSense type=jtview name=publishCd | LexSense.fwlayout, layout class=LexSense type=jtview name=publishStem | LexSense.fwlayout, layout class=LexSense type=jtview name=publishStemMinor | LexSense.fwlayout, layout class=LexSense type=jtview name=publishRoot | LexSense.fwlayout, layout class=LexSense type=jtview name=publishRootMinor | +4 more"	"exact"
"LexSense"	"Exemplar"	"Exemplar"	"Examples of inflected forms for this sense."	"slice"	"LexSenseParts.xml, bin class=LexSense, part id=LexSense-Detail-Exemplar"	"exact"
"LexSense"	"GeneralNote"	"General Note"	""	"slice"	"LexSense.fwlayout, layout class=LexSense type=detail name=Normal, ref=GeneralNoteAllA resolved via Parts/*.xml | LexSenseParts.xml, bin class=LexSense, part id=LexSense-Detail-GeneralNoteAllA"	"exact"
"LexSense"	"GeneralNotePub"	"General Note"	""	"slice"	"LexSense.fwlayout, layout class=LexSense type=jtview name=publishCd | LexSense.fwlayout, layout class=LexSense type=jtview name=publishStem | LexSense.fwlayout, layout class=LexSense type=jtview name=publishStemMinor | LexSense.fwlayout, layout class=LexSense type=jtview name=publishRoot | LexSense.fwlayout, layout class=LexSense type=jtview name=publishRootMinor | +4 more"	"exact"
"LexSense"	"Gloss"	"Gloss"	"Short translation equivalent for this lexeme.  Used in interlinear texts, and in the dictionary article when Definition is empty."	"slice"	"LexSenseParts.xml, bin class=LexSense, part id=LexSense-Detail-GlossAllA"	"exact"
"LexSense"	"GlossPub"	"Gloss"	""	"slice"	"LexSense.fwlayout, layout class=LexSense type=jtview name=CrossRefPub | LexSense.fwlayout, layout class=LexSense type=jtview name=publishCd | LexSense.fwlayout, layout class=LexSense type=jtview name=publishStem | LexSense.fwlayout, layout class=LexSense type=jtview name=publishStemMinor | LexSense.fwlayout, layout class=LexSense type=jtview name=publishRoot | +26 more"	"exact"
"LexSense"	"GrammarNote"	"Grammar Note"	""	"slice"	"LexSense.fwlayout, layout class=LexSense type=detail name=Normal, ref=GrammarNoteAllA resolved via Parts/*.xml | LexSenseParts.xml, bin class=LexSense, part id=LexSense-Detail-GrammarNoteAllA"	"exact"
"LexSense"	"GrammarNotePub"	"Grammar Note"	""	"slice"	"LexSense.fwlayout, layout class=LexSense type=jtview name=publishCd | LexSense.fwlayout, layout class=LexSense type=jtview name=publishStem | LexSense.fwlayout, layout class=LexSense type=jtview name=publishStemMinor | LexSense.fwlayout, layout class=LexSense type=jtview name=publishRoot | LexSense.fwlayout, layout class=LexSense type=jtview name=publishRootMinor | +4 more"	"exact"
"LexSense"	"ImportResidue"	"Import Residue"	""	"slice"	"LexSense.fwlayout, layout class=LexSense type=detail name=Normal"	"exact"
"LexSense"	"LexReferencesConfig"	"Lexical Relations"	""	"slice"	"LexSense.fwlayout, layout class=LexSense type=jtview name=publishCd | LexSense.fwlayout, layout class=LexSense type=jtview name=publishStem | LexSense.fwlayout, layout class=LexSense type=jtview name=publishStemMinor | LexSense.fwlayout, layout class=LexSense type=jtview name=publishRoot | LexSense.fwlayout, layout class=LexSense type=jtview name=publishRootMinor | +4 more"	"exact"
"LexSense"	"LexSenseReferences"	"Lexical Relations"	""	"slice"	"LexSenseParts.xml, bin class=LexSense, part id=LexSense-Detail-CurrentLexReferences"	"exact"
"LexSense"	"MorphoSyntaxAnalysis"	"Grammatical Info."	""	"slice"	"LexSenseParts.xml, bin class=LexSense, part id=LexSense-Detail-MsaCombo"	"exact"
"LexSense"	"MorphoSyntaxAnalysisConfig"	"Grammatical Info."	""	"slice"	"LexSense.fwlayout, layout class=LexSense type=jtview name=publishCd | LexSense.fwlayout, layout class=LexSense type=jtview name=publishStem | LexSense.fwlayout, layout class=LexSense type=jtview name=publishStemMinor | LexSense.fwlayout, layout class=LexSense type=jtview name=publishRoot | LexSense.fwlayout, layout class=LexSense type=jtview name=publishRootMinor | +4 more"	"exact"
"LexSense"	"OwnerOutlinePub"	"Referenced Sense"	""	"slice"	"LexSense.fwlayout, layout class=LexSense type=jtview name=publishStemComponentTarget | LexSense.fwlayout, layout class=LexSense type=jtview name=publishStemPrimaryTarget"	"ambiguous"
"LexSense"	"OwnerOutlinePub"	"Referenced Sense Headword"	""	"slice"	"LexSense.fwlayout, layout class=LexSense type=jtview name=CrossRefPub | LexSense.fwlayout, layout class=LexSense type=jtview name=publishStemMinorRefMainEntry | LexSense.fwlayout, layout class=LexSense type=jtview name=publishRootMinorRefMainEntry | LexSense.fwlayout, layout class=LexSense type=jtview name=publishStemCrossRef | LexSense.fwlayout, layout class=LexSense type=jtview name=publishCdCrossRef | +11 more"	"ambiguous"
"LexSense"	"OwnerOutlinePub"	"Referenced Sense Headword and Sense Number"	""	"slice"	"LexSense.fwlayout, layout class=LexSense type=jtview name=publishStemRefMainEntry"	"ambiguous"
"LexSense"	"OwningEntry"	"Allomorphs"	""	"slice"	"LexSense.fwlayout, layout class=LexSense type=jtview name=publishCd"	"ambiguous"
"LexSense"	"OwningEntry"	"Bibliography (Entry)"	""	"slice"	"LexSense.fwlayout, layout class=LexSense type=jtview name=publishCd"	"ambiguous"
"LexSense"	"OwningEntry"	"Citation form"	""	"slice"	"LexSense.fwlayout, layout class=LexSense type=jtview name=publishCd"	"ambiguous"
"LexSense"	"OwningEntry"	"Component References"	""	"slice"	"LexSense.fwlayout, layout class=LexSense type=jtview name=publishCd"	"ambiguous"
"LexSense"	"OwningEntry"	"Cross References"	""	"slice"	"LexSense.fwlayout, layout class=LexSense type=jtview name=publishCd"	"ambiguous"
"LexSense"	"OwningEntry"	"Date Created"	""	"slice"	"LexSense.fwlayout, layout class=LexSense type=jtview name=publishCd"	"ambiguous"
"LexSense"	"OwningEntry"	"Date Modified"	""	"slice"	"LexSense.fwlayout, layout class=LexSense type=jtview name=publishCd"	"ambiguous"
"LexSense"	"OwningEntry"	"Etymology"	""	"slice"	"LexSense.fwlayout, layout class=LexSense type=jtview name=publishCd"	"ambiguous"
"LexSense"	"OwningEntry"	"Homograph Number"	""	"slice"	"LexSense.fwlayout, layout class=LexSense type=jtview name=publishCd"	"ambiguous"
"LexSense"	"OwningEntry"	"Lexeme Form"	""	"slice"	"LexSense.fwlayout, layout class=LexSense type=jtview name=publishCd"	"ambiguous"
"LexSense"	"OwningEntry"	"Literal Meaning"	""	"slice"	"LexSense.fwlayout, layout class=LexSense type=jtview name=publishCd"	"ambiguous"
"LexSense"	"OwningEntry"	"Note"	""	"slice"	"LexSense.fwlayout, layout class=LexSense type=jtview name=publishCd"	"ambiguous"
"LexSense"	"OwningEntry"	"Pronunciations"	""	"slice"	"LexSense.fwlayout, layout class=LexSense type=jtview name=publishCd"	"ambiguous"
"LexSense"	"OwningEntry"	"Restrictions (Entry)"	""	"slice"	"LexSense.fwlayout, layout class=LexSense type=jtview name=publishCd"	"ambiguous"
"LexSense"	"OwningEntry"	"Summary Defn"	""	"slice"	"LexSense.fwlayout, layout class=LexSense type=jtview name=publishCd"	"ambiguous"
"LexSense"	"OwningEntry"	"Variant Forms"	""	"slice"	"LexSense.fwlayout, layout class=LexSense type=jtview name=publishCd"	"ambiguous"
"LexSense"	"PhonologyNote"	"Phonology Note"	""	"slice"	"LexSense.fwlayout, layout class=LexSense type=detail name=Normal, ref=PhonologyNoteAllA resolved via Parts/*.xml | LexSenseParts.xml, bin class=LexSense, part id=LexSense-Detail-PhonologyNoteAllA"	"exact"
"LexSense"	"PhonologyNotePub"	"Phonology Note"	""	"slice"	"LexSense.fwlayout, layout class=LexSense type=jtview name=publishCd | LexSense.fwlayout, layout class=LexSense type=jtview name=publishStem | LexSense.fwlayout, layout class=LexSense type=jtview name=publishStemMinor | LexSense.fwlayout, layout class=LexSense type=jtview name=publishRoot | LexSense.fwlayout, layout class=LexSense type=jtview name=publishRootMinor | +4 more"	"exact"
"LexSense"	"PublishIn"	"Publish Picture In"	"Remove a publication from this field to completely exclude only this picture from that publication."	"slice"	"LexSenseParts.xml, bin class=LexSense, part id=LexSense-Jt-PublishInForPicture"	"ambiguous"
"LexSense"	"PublishIn"	"Publish Sense In"	"Remove a publication from this field to exclude everything in this sense from that publication."	"slice"	"LexSenseParts.xml, bin class=LexSense, part id=LexSense-Detail-PublishIn"	"ambiguous"
"LexSense"	"RIEHeadword"	"Headword"	""	"slice"	"Reversal.fwlayout, layout class=LexSense type=jtview name=publishForReversal"	"ambiguous"
"LexSense"	"RIEHeadword"	"Referenced Headword"	""	"slice"	"Reversal.fwlayout, layout class=LexSense type=jtview name=publishCrossRefForReversal | Reversal.fwlayout, layout class=LexSense type=jtview name=publishSubCrossRefForReversal"	"ambiguous"
"LexSense"	"RIEHeadword"	"Referenced Headword and Sense Number"	""	"slice"	"Reversal.fwlayout, layout class=LexSense type=jtview name=publishRefMainEntryForReversal"	"ambiguous"
"LexSense"	"RIEHeadword"	"Referenced Sense Headword"	""	"slice"	"LexSense.fwlayout, layout class=LexSense type=jtview name=publishCd"	"ambiguous"
"LexSense"	"ReferringReversalIndexEntries"	"Reversal Entries"	"Translation equivalent used in the finder list (Reversal Index)."	"slice"	"LexSenseParts.xml, bin class=LexSense, part id=LexSense-Detail-ReversalEntries"	"exact"
"LexSense"	"Restrictions"	"Restrictions"	""	"slice"	"LexSenseParts.xml, bin class=LexSense, part id=LexSense-Detail-RestrictionsAllA"	"exact"
"LexSense"	"RestrictionsPub"	"Restrictions"	""	"slice"	"LexSense.fwlayout, layout class=LexSense type=jtview name=publishCd | LexSense.fwlayout, layout class=LexSense type=jtview name=publishStem | LexSense.fwlayout, layout class=LexSense type=jtview name=publishStemMinor | LexSense.fwlayout, layout class=LexSense type=jtview name=publishRoot | LexSense.fwlayout, layout class=LexSense type=jtview name=publishRootMinor | +4 more"	"exact"
"LexSense"	"RootComplexFormsConfig"	"Referenced Complex Forms"	""	"slice"	"LexSense.fwlayout, layout class=LexSense type=jtview name=publishRootMinor"	"exact"
"LexSense"	"ScientificName"	"Scientific Name"	""	"slice"	"LexSense.fwlayout, layout class=LexSense type=detail name=Normal, ref=ScientificName resolved via Parts/*.xml | LexSense.fwlayout, layout class=LexSense type=jtview name=publishCd, ref=ScientificName resolved via Parts/*.xml | LexSense.fwlayout, layout class=LexSense type=jtview name=publishStem, ref=ScientificName resolved via Parts/*.xml | LexSense.fwlayout, layout class=LexSense type=jtview name=publishStemMinor, ref=ScientificName resolved via Parts/*.xml | LexSense.fwlayout, layout class=LexSense type=jtview name=publishRoot, ref=ScientificName resolved via Parts/*.xml | +5 more"	"ambiguous"
"LexSense"	"ScientificName"	"ScientificName"	""	"slice"	"LexSenseParts.xml, bin class=LexSense, part id=LexSense-Detail-ScientificName"	"ambiguous"
"LexSense"	"SemanticDomains"	"Semantic Domains"	""	"slice"	"LexSenseParts.xml, bin class=LexSense, part id=LexSense-Detail-SemanticDomains"	"exact"
"LexSense"	"SemanticDomainsConfig"	"Semantic Domains"	""	"slice"	"LexSense.fwlayout, layout class=LexSense type=jtview name=publishCd | LexSense.fwlayout, layout class=LexSense type=jtview name=publishStem | LexSense.fwlayout, layout class=LexSense type=jtview name=publishStemMinor | LexSense.fwlayout, layout class=LexSense type=jtview name=publishRoot | LexSense.fwlayout, layout class=LexSense type=jtview name=publishRootMinor | +4 more"	"exact"
"LexSense"	"SemanticsNote"	"Semantics Note"	""	"slice"	"LexSense.fwlayout, layout class=LexSense type=detail name=Normal, ref=SemanticsNoteAllA resolved via Parts/*.xml | LexSenseParts.xml, bin class=LexSense, part id=LexSense-Detail-SemanticsNoteAllA"	"exact"
"LexSense"	"SemanticsNotePub"	"Semantics Note"	""	"slice"	"LexSense.fwlayout, layout class=LexSense type=jtview name=publishCd | LexSense.fwlayout, layout class=LexSense type=jtview name=publishStem | LexSense.fwlayout, layout class=LexSense type=jtview name=publishStemMinor | LexSense.fwlayout, layout class=LexSense type=jtview name=publishRoot | LexSense.fwlayout, layout class=LexSense type=jtview name=publishRootMinor | +4 more"	"exact"
"LexSense"	"SenseType"	"Sense Type"	""	"slice"	"LexSenseParts.xml, bin class=LexSense, part id=LexSense-Detail-SenseType"	"exact"
"LexSense"	"SenseTypeConfig"	"Sense Type"	""	"slice"	"LexSense.fwlayout, layout class=LexSense type=jtview name=publishCd | LexSense.fwlayout, layout class=LexSense type=jtview name=publishStem | LexSense.fwlayout, layout class=LexSense type=jtview name=publishStemMinor | LexSense.fwlayout, layout class=LexSense type=jtview name=publishRoot | LexSense.fwlayout, layout class=LexSense type=jtview name=publishRootMinor | +4 more"	"exact"
"LexSense"	"Senses"	"SubSenses"	""	"slice"	"LexSense.fwlayout, layout class=LexSense type=detail name=Normal"	"exact"
"LexSense"	"SensesConfig"	"Subsenses"	""	"slice"	"LexSense.fwlayout, layout class=LexSense type=jtview name=publishCd | LexSense.fwlayout, layout class=LexSense type=jtview name=publishStem | LexSense.fwlayout, layout class=LexSense type=jtview name=publishStemMinor | LexSense.fwlayout, layout class=LexSense type=jtview name=publishRoot | LexSense.fwlayout, layout class=LexSense type=jtview name=publishRootMinor | +4 more"	"exact"
"LexSense"	"SmartDefinitionPub"	"Definition (or Gloss)"	""	"slice"	"LexSense.fwlayout, layout class=LexSense type=jtview name=publishCd | LexSense.fwlayout, layout class=LexSense type=jtview name=publishStem | LexSense.fwlayout, layout class=LexSense type=jtview name=publishStemMinor | LexSense.fwlayout, layout class=LexSense type=jtview name=publishRoot | LexSense.fwlayout, layout class=LexSense type=jtview name=publishRootMinor | +5 more"	"exact"
"LexSense"	"SocioLinguisticsNote"	"Sociolinguistics Note"	""	"slice"	"LexSense.fwlayout, layout class=LexSense type=detail name=Normal, ref=SocioLinguisticsNoteAllA resolved via Parts/*.xml | LexSenseParts.xml, bin class=LexSense, part id=LexSense-Detail-SocioLinguisticsNoteAllA"	"exact"
"LexSense"	"SocioLinguisticsNotePub"	"Sociolinguistics Note"	""	"slice"	"LexSense.fwlayout, layout class=LexSense type=jtview name=publishCd | LexSense.fwlayout, layout class=LexSense type=jtview name=publishStem | LexSense.fwlayout, layout class=LexSense type=jtview name=publishStemMinor | LexSense.fwlayout, layout class=LexSense type=jtview name=publishRoot | LexSense.fwlayout, layout class=LexSense type=jtview name=publishRootMinor | +4 more"	"exact"
"LexSense"	"Source"	"Source"	""	"slice"	"LexSense.fwlayout, layout class=LexSense type=jtview name=publishCd, ref=Source resolved via Parts/*.xml | LexSense.fwlayout, layout class=LexSense type=jtview name=publishStem, ref=Source resolved via Parts/*.xml | LexSense.fwlayout, layout class=LexSense type=jtview name=publishStemMinor, ref=Source resolved via Parts/*.xml | LexSense.fwlayout, layout class=LexSense type=jtview name=publishRoot, ref=Source resolved via Parts/*.xml | LexSense.fwlayout, layout class=LexSense type=jtview name=publishRootMinor, ref=Source resolved via Parts/*.xml | +5 more"	"exact"
"LexSense"	"Status"	"Status"	""	"slice"	"LexSenseParts.xml, bin class=LexSense, part id=LexSense-Detail-Status"	"exact"
"LexSense"	"StatusConfig"	"Status"	""	"slice"	"LexSense.fwlayout, layout class=LexSense type=jtview name=publishCd | LexSense.fwlayout, layout class=LexSense type=jtview name=publishStem | LexSense.fwlayout, layout class=LexSense type=jtview name=publishStemMinor | LexSense.fwlayout, layout class=LexSense type=jtview name=publishRoot | LexSense.fwlayout, layout class=LexSense type=jtview name=publishRootMinor | +4 more"	"exact"
"LexSense"	"StemComplexFormsConfig"	"Referenced Complex Forms"	""	"slice"	"LexSense.fwlayout, layout class=LexSense type=jtview name=publishCd | LexSense.fwlayout, layout class=LexSense type=jtview name=publishStem | LexSense.fwlayout, layout class=LexSense type=jtview name=publishStemMinor"	"ambiguous"
"LexSense"	"StemComplexFormsConfig"	"Referenced Complex Forms (of Sense)"	""	"slice"	"Reversal.fwlayout, layout class=LexSense type=jtview name=publishForReversal | Reversal.fwlayout, layout class=LexSense type=jtview name=publishSubForReversal"	"ambiguous"
"LexSense"	"Subentries"	"Subentries"	"Show these subentries below this sense in root-based dictionary layouts."	"slice"	"LexSense.fwlayout, layout class=LexSense type=jtview name=publishRoot, ref=Subentries resolved via Parts/*.xml | LexSenseParts.xml, bin class=LexSense, part id=LexSense-Detail-Subentries"	"exact"
"LexSense"	"UsageTypes"	"Usages"	""	"slice"	"LexSenseParts.xml, bin class=LexSense, part id=LexSense-Detail-UsageTypes"	"exact"
"LexSense"	"UsageTypesConfig"	"Usages"	""	"slice"	"LexSense.fwlayout, layout class=LexSense type=jtview name=publishCd | LexSense.fwlayout, layout class=LexSense type=jtview name=publishStem | LexSense.fwlayout, layout class=LexSense type=jtview name=publishStemMinor | LexSense.fwlayout, layout class=LexSense type=jtview name=publishRoot | LexSense.fwlayout, layout class=LexSense type=jtview name=publishRootMinor | +4 more"	"exact"
"LexSense"	"VariantFormEntries"	"Variants of Sense"	""	"slice"	"LexSenseParts.xml, bin class=LexSense, part id=LexSense-Detail-VariantForms"	"exact"
"LexSense"	"VariantFormsConfig"	"Variants (of Sense)"	""	"slice"	"Reversal.fwlayout, layout class=LexSense type=jtview name=publishForReversal"	"ambiguous"
"LexSense"	"VariantFormsConfig"	"Variants of Sense"	""	"slice"	"LexSense.fwlayout, layout class=LexSense type=jtview name=publishCd | LexSense.fwlayout, layout class=LexSense type=jtview name=publishStem | LexSense.fwlayout, layout class=LexSense type=jtview name=publishStemMinor | LexSense.fwlayout, layout class=LexSense type=jtview name=publishRoot | LexSense.fwlayout, layout class=LexSense type=jtview name=publishRootMinor | +2 more"	"ambiguous"
"LexSense"	"VisibleComplexFormBackRefs"	"Referenced Complex Forms"	"Complex forms shown in this field are shown as references in this component entry in Dictionary."	"slice"	"LexSenseParts.xml, bin class=LexSense, part id=LexSense-Detail-VisibleComplexFormEntries"	"exact"
"MoAdhocProhib"	""	"Ad hoc Co-occurrence Prevention Rules"	""	"strings-en"	"strings-en.xml, group=AlternativeTitles, id=MoAdhocProhib-Plural"	"class-only"
"MoAdhocProhib"	"Adjacency"	"Cannot Occur"	""	"slice"	"MorphologyParts.xml, bin class=MoAdhocProhib, part id=MoAdhocProhib-Detail-Adjacency"	"exact"
"MoAdhocProhib"	"Disabled"	"Active"	""	"slice"	"MorphologyParts.xml, bin class=MoAdhocProhib, part id=MoAdhocProhib-Detail-Active"	"exact"
"MoAdhocProhibGr"	""	"Group of Ad hoc Rules"	""	"strings-en"	"strings-en.xml, group=ClassNames, id=MoAdhocProhibGr"	"class-only"
"MoAdhocProhibGr"	"Description"	"Description"	""	"slice"	"MorphologyParts.xml, bin class=MoAdhocProhibGr, part id=MoAdhocProhibGr-Detail-Description"	"ambiguous"
"MoAdhocProhibGr"	"Description"	"Nested Group Description"	""	"slice"	"Morphology.fwlayout, layout class=MoAdhocProhibGr type=detail name=EditAdHocGroup, ref=Description resolved via Parts/*.xml"	"ambiguous"
"MoAdhocProhibGr"	"MembersSection"	"Members"	""	"slice"	"Morphology.fwlayout, layout class=MoAdhocProhibGr type=detail name=Edit"	"exact"
"MoAdhocProhibGr"	"Name"	"Name"	""	"slice"	"MorphologyParts.xml, bin class=MoAdhocProhibGr, part id=MoAdhocProhibGr-Detail-NestedGroupName | MorphologyParts.xml, bin class=MoAdhocProhibGr, part id=MoAdhocProhibGr-Detail-Name"	"ambiguous"
"MoAdhocProhibGr"	"Name"	"Nested Group Name"	""	"slice"	"Morphology.fwlayout, layout class=MoAdhocProhibGr type=detail name=EditAdHocGroup, ref=NestedGroupName resolved via Parts/*.xml"	"ambiguous"
"MoAdhocProhibGr"	"NestedMembersSection"	"Nested Group Members"	""	"slice"	"Morphology.fwlayout, layout class=MoAdhocProhibGr type=detail name=EditAdHocGroup"	"exact"
"MoAffixAllomorph"	""	"Affix Form"	""	"strings-en"	"strings-en.xml, group=ClassNames, id=MoAffixAllomorph"	"class-only"
"MoAffixAllomorph"	"AllomorphStatus"	"Allomorph Status"	""	"slice"	"Morphology.fwlayout, layout class=MoAffixAllomorph type=detail name=AsLexemeFormBasic"	"exact"
"MoAffixAllomorph"	"AsLexemeForm"	"Lexeme Form"	""	"slice"	"Morphology.fwlayout, layout class=MoAffixAllomorph type=detail name=AsLexemeFormBasic"	"exact"
"MoAffixAllomorph"	"AsVariantForm"	"Variant Form"	""	"slice"	"Morphology.fwlayout, layout class=MoAffixAllomorph type=detail name=AsVariantForm"	"exact"
"MoAffixAllomorph"	"FormAllVAffix"	"Affix Allomorph"	""	"slice"	"Morphology.fwlayout, layout class=MoAffixAllomorph type=detail name=Normal"	"exact"
"MoAffixAllomorph"	"IsAbstract"	"Is Abstract Form"	""	"slice"	"Morphology.fwlayout, layout class=MoAffixAllomorph type=detail name=Normal"	"exact"
"MoAffixAllomorph"	"MsEnvFeatures"	"Required Features"	""	"slice"	"MorphologyParts.xml, bin class=MoAffixAllomorph, part id=MoAffixAllomorph-Detail-MsEnvFeatures | MorphologyParts.xml, bin class=MoAffixAllomorph, part id=MoAffixAllomorph-Detail-MsEnvFeaturesForLexemeForm"	"exact"
"MoAffixAllomorph"	"PhoneEnv"	"Environments"	""	"slice"	"MorphologyParts.xml, bin class=MoAffixAllomorph, part id=MoAffixAllomorph-Detail-PhoneEnv"	"exact"
"MoAffixAllomorph"	"Position"	"Infix Positions"	""	"slice"	"MorphologyParts.xml, bin class=MoAffixAllomorph, part id=MoAffixAllomorph-Detail-AsPosition"	"exact"
"MoAffixForm"	"InflectionClasses"	"Inflection Classes"	""	"slice"	"MorphologyParts.xml, bin class=MoAffixForm, part id=MoAffixForm-Detail-InflectionClasses | MorphologyParts.xml, bin class=MoAffixForm, part id=MoAffixForm-Detail-InflectionClassesForLexemeForm"	"exact"
"MoAffixProcess"	"AsLexemeForm"	"Lexeme Form"	""	"slice"	"Morphology.fwlayout, layout class=MoAffixProcess type=detail name=AsLexemeFormBasic"	"exact"
"MoAffixProcess"	"FormAllVAffix"	"Affix Allomorph (Process)"	""	"slice"	"Morphology.fwlayout, layout class=MoAffixProcess type=detail name=Normal"	"exact"
"MoAffixProcess"	"IsAbstract"	"Is Abstract Form"	""	"slice"	"Morphology.fwlayout, layout class=MoAffixProcess type=detail name=Normal"	"exact"
"MoAffixProcess"	"IsAbstractBasic"	"Is Abstract Form"	""	"slice"	"Morphology.fwlayout, layout class=MoAffixProcess type=detail name=AsLexemeFormBasic"	"exact"
"MoAffixProcess"	"RuleFormula"	"Affix Process Rule"	""	"slice"	"Morphology.fwlayout, layout class=MoAffixProcess type=detail name=Normal"	"exact"
"MoAffixProcess"	"RuleFormulaBasic"	"Affix Process Rule"	""	"slice"	"Morphology.fwlayout, layout class=MoAffixProcess type=detail name=AsLexemeFormBasic"	"exact"
"MoAlloAdhocProhib"	""	"Rule to Prevent Allomorph Co-occurrence"	""	"strings-en"	"strings-en.xml, group=ClassNames, id=MoAlloAdhocProhib"	"class-only"
"MoAlloAdhocProhib"	"FirstAllomorph"	"Key Allomorph"	""	"slice"	"MorphologyParts.xml, bin class=MoAlloAdhocProhib, part id=MoAlloAdhocProhib-Detail-FirstAllomorph"	"exact"
"MoAlloAdhocProhib"	"Message"	"Note"	""	"slice"	"Morphology.fwlayout, layout class=MoAlloAdhocProhib type=detail name=Edit"	"exact"
"MoAlloAdhocProhib"	"RestOfAllos"	"Other Allomorph(s)"	""	"slice"	"MorphologyParts.xml, bin class=MoAlloAdhocProhib, part id=MoAlloAdhocProhib-Detail-RestOfAllos"	"exact"
"MoBinaryCompoundRule"	""	"Binary Compound Rule"	""	"strings-en"	"strings-en.xml, group=ClassNames, id=MoBinaryCompoundRule"	"class-only"
"MoBinaryCompoundRule"	"ProdRestrict"	"Exception ""Features"""	""	"slice"	"MorphologyParts.xml, bin class=MoBinaryCompoundRule, part id=MoBinaryCompoundRule-Detail-ProdRestrict"	"exact"
"MoCompoundRule"	""	"Compound Rule"	""	"strings-en"	"strings-en.xml, group=ClassNames, id=MoCompoundRule"	"ambiguous"
"MoCompoundRule"	""	"Compound Rules"	""	"strings-en"	"strings-en.xml, group=AlternativeTitles, id=MoCompoundRule-Plural"	"ambiguous"
"MoCompoundRule"	"Description"	"Description"	""	"slice"	"MorphologyParts.xml, bin class=MoCompoundRule, part id=MoCompoundRule-Detail-DescriptionAllA"	"exact"
"MoCompoundRule"	"Disabled"	"Active"	""	"slice"	"MorphologyParts.xml, bin class=MoCompoundRule, part id=MoCompoundRule-Detail-Active"	"exact"
"MoCompoundRule"	"Name"	"Name"	""	"slice"	"MorphologyParts.xml, bin class=MoCompoundRule, part id=MoCompoundRule-Detail-NameAllA"	"exact"
"MoDerivAffMsa"	""	"Derivational Affix Analysis"	""	"strings-en"	"strings-en.xml, group=ClassNames, id=MoDerivAffMsa"	"class-only"
"MoDerivAffMsa"	"FromInflectionClass"	"From Inflection Class"	""	"slice"	"Morphology.fwlayout, layout class=MoDerivAffMsa type=detail name=Normal, ref=FromInflectionClass resolved via Parts/*.xml | MorphologyParts.xml, bin class=MoDerivAffMsa, part id=MoDerivAffMsa-Detail-FromInflectionClass"	"exact"
"MoDerivAffMsa"	"FromMsFeatures"	"From Inflection Features"	""	"slice"	"MorphologyParts.xml, bin class=MoDerivAffMsa, part id=MoDerivAffMsa-Detail-FromMsFeatures"	"exact"
"MoDerivAffMsa"	"FromPartOfSpeech"	"From Category"	""	"slice"	"MorphologyParts.xml, bin class=MoDerivAffMsa, part id=MoDerivAffMsa-Detail-FromPartOfSpeech"	"exact"
"MoDerivAffMsa"	"FromProdRestrict"	"From Exception ""Features"""	""	"slice"	"MorphologyParts.xml, bin class=MoDerivAffMsa, part id=MoDerivAffMsa-Detail-FromProdRestrict"	"exact"
"MoDerivAffMsa"	"FromStemName"	"From Stem Allomorph Label"	""	"slice"	"MorphologyParts.xml, bin class=MoDerivAffMsa, part id=MoDerivAffMsa-Detail-FromStemName"	"exact"
"MoDerivAffMsa"	"MainEdit"	"Category Info."	""	"slice"	"Morphology.fwlayout, layout class=MoDerivAffMsa type=detail name=Normal"	"exact"
"MoDerivAffMsa"	"ToInflectionClass"	"To Inflection Class"	""	"slice"	"Morphology.fwlayout, layout class=MoDerivAffMsa type=detail name=Normal, ref=ToInflectionClass resolved via Parts/*.xml | MorphologyParts.xml, bin class=MoDerivAffMsa, part id=MoDerivAffMsa-Detail-ToInflectionClass"	"exact"
"MoDerivAffMsa"	"ToMsFeatures"	"To Inflection Features"	""	"slice"	"MorphologyParts.xml, bin class=MoDerivAffMsa, part id=MoDerivAffMsa-Detail-ToMsFeatures"	"exact"
"MoDerivAffMsa"	"ToPartOfSpeech"	"To Category"	""	"slice"	"MorphologyParts.xml, bin class=MoDerivAffMsa, part id=MoDerivAffMsa-Detail-ToPartOfSpeech"	"exact"
"MoDerivAffMsa"	"ToProdRestrict"	"To Exception ""Features"""	""	"slice"	"MorphologyParts.xml, bin class=MoDerivAffMsa, part id=MoDerivAffMsa-Detail-ToProdRestrict"	"exact"
"MoEndoCompound"	""	"Left- or Right-Headed Compound Rule"	""	"strings-en"	"strings-en.xml, group=ClassNames, id=MoEndoCompound"	"class-only"
"MoEndoCompound"	"BlankLeftMember"	"Left Member"	""	"slice"	"Morphology.fwlayout, layout class=MoEndoCompound type=detail name=Edit"	"exact"
"MoEndoCompound"	"BlankOverrideHead"	"Override Head with:"	""	"slice"	"Morphology.fwlayout, layout class=MoEndoCompound type=detail name=Edit"	"exact"
"MoEndoCompound"	"BlankRightMember"	"Right Member"	""	"slice"	"Morphology.fwlayout, layout class=MoEndoCompound type=detail name=Edit"	"exact"
"MoEndoCompound"	"DescriptionAllA"	"Description"	""	"slice"	"Morphology.fwlayout, layout class=MoEndoCompound type=detail name=Edit"	"exact"
"MoEndoCompound"	"HeadLast"	"Right Headed"	""	"slice"	"Morphology.fwlayout, layout class=MoEndoCompound type=detail name=Edit"	"exact"
"MoEndoCompound"	"NameAllA"	"Name"	""	"slice"	"Morphology.fwlayout, layout class=MoEndoCompound type=detail name=Edit"	"exact"
"MoEndoCompound"	"ToProdRestrict"	"To Exception ""Features"""	""	"slice"	"MorphologyParts.xml, bin class=MoEndoCompound, part id=MoEndoCompound-Detail-ToProdRestrict"	"exact"
"MoExoCompound"	""	"Non-headed Compound Rule"	""	"strings-en"	"strings-en.xml, group=ClassNames, id=MoExoCompound"	"class-only"
"MoExoCompound"	"BlankLeftMember"	"Left Member"	""	"slice"	"Morphology.fwlayout, layout class=MoExoCompound type=detail name=Edit"	"exact"
"MoExoCompound"	"BlankResult"	"Result"	""	"slice"	"Morphology.fwlayout, layout class=MoExoCompound type=detail name=Edit"	"exact"
"MoExoCompound"	"BlankRightMember"	"Right Member"	""	"slice"	"Morphology.fwlayout, layout class=MoExoCompound type=detail name=Edit"	"exact"
"MoExoCompound"	"DescriptionAllA"	"Description"	""	"slice"	"Morphology.fwlayout, layout class=MoExoCompound type=detail name=Edit"	"exact"
"MoExoCompound"	"NameAllA"	"Name"	""	"slice"	"Morphology.fwlayout, layout class=MoExoCompound type=detail name=Edit"	"exact"
"MoExoCompound"	"ToProdRestrict"	"To Exception ""Features"""	""	"slice"	"MorphologyParts.xml, bin class=MoExoCompound, part id=MoExoCompound-Detail-ToProdRestrict"	"exact"
"MoForm"	""	"Allomorphs"	""	"strings-en"	"strings-en.xml, group=AlternativeTitles, id=MoForm-Plural"	"class-only"
"MoForm"	"$child"	"$label"	""	"slice"	"LexEntry.fwlayout, layout class=MoForm type=jtview name=publishStemForm | LexEntry.fwlayout, layout class=MoForm type=jtview name=publishStemCd | Reversal.fwlayout, layout class=MoForm type=jtview name=publishForReversal"	"exact"
"MoForm"	"Form"	"Form"	""	"slice"	"MorphologyParts.xml, bin class=MoForm, part id=MoForm-Detail-AsLexemeForm | MorphologyParts.xml, bin class=MoForm, part id=MoForm-Detail-FormAllV | MorphologyParts.xml, bin class=MoForm, part id=MoForm-Detail-FormAllVAffix | MorphologyParts.xml, bin class=MoForm, part id=MoForm-Detail-AsVariantForm"	"exact"
"MoForm"	"FormEnvPub"	"Environments"	""	"slice"	"LexEntry.fwlayout, layout class=MoForm type=jtview name=publishStemForm | LexEntry.fwlayout, layout class=MoForm type=jtview name=publishStemCd | Reversal.fwlayout, layout class=MoForm type=jtview name=publishForReversal"	"exact"
"MoForm"	"FormPub"	"Allomorph"	""	"slice"	"LexEntry.fwlayout, layout class=MoForm type=jtview name=publishStemForm | LexEntry.fwlayout, layout class=MoForm type=jtview name=publishStemMinorForm | LexEntry.fwlayout, layout class=MoForm type=jtview name=publishRootForm | LexEntry.fwlayout, layout class=MoForm type=jtview name=publishRootMinorForm | LexEntry.fwlayout, layout class=MoForm type=jtview name=publishRootMinorSubForm | +3 more"	"ambiguous"
"MoForm"	"FormPub"	"Lexeme Form"	""	"slice"	"LexEntry.fwlayout, layout class=MoForm type=jtview name=publishStemLexemeForm | LexEntry.fwlayout, layout class=MoForm type=jtview name=publishStemMinorLexemeForm | LexEntry.fwlayout, layout class=MoForm type=jtview name=publishRootLexemeForm | LexEntry.fwlayout, layout class=MoForm type=jtview name=publishRootMinorLexemeForm | LexEntry.fwlayout, layout class=MoForm type=jtview name=publishRootSubLexemeForm | +3 more"	"ambiguous"
"MoForm"	"IsAbstract"	"IsAbstract"	""	"slice"	"MorphologyParts.xml, bin class=MoForm, part id=MoForm-Detail-IsAbstractBasic | MorphologyParts.xml, bin class=MoForm, part id=MoForm-Detail-AllomorphStatus | MorphologyParts.xml, bin class=MoForm, part id=MoForm-Detail-IsAbstract"	"exact"
"MoForm"	"MorphType"	"Morph Type"	""	"slice"	"MorphologyParts.xml, bin class=MoForm, part id=MoForm-Detail-MorphTypeBasic | MorphologyParts.xml, bin class=MoForm, part id=MoForm-Detail-MorphType"	"exact"
"MoForm"	"MorphTypeConfig"	"Morph Type"	""	"slice"	"LexEntry.fwlayout, layout class=MoForm type=jtview name=publishStemForm | LexEntry.fwlayout, layout class=MoForm type=jtview name=publishStemMinorForm | LexEntry.fwlayout, layout class=MoForm type=jtview name=publishRootForm | LexEntry.fwlayout, layout class=MoForm type=jtview name=publishRootMinorForm | LexEntry.fwlayout, layout class=MoForm type=jtview name=publishRootMinorSubForm | +3 more"	"exact"
"MoForm"	"PhoneEnv"	"Environments"	""	"slice"	"MorphologyParts.xml, bin class=MoForm, part id=MoForm-Detail-PhoneEnvBasic | MorphologyParts.xml, bin class=MoForm, part id=MoForm-Detail-PhoneEnv"	"exact"
"MoInflAffMsa"	""	"Inflectional Affix Analysis"	""	"strings-en"	"strings-en.xml, group=ClassNames, id=MoInflAffMsa"	"class-only"
"MoInflAffMsa"	"FromProdRestrict"	"From Exception ""Features"""	""	"slice"	"MorphologyParts.xml, bin class=MoInflAffMsa, part id=MoInflAffMsa-Detail-FromProdRestrict"	"exact"
"MoInflAffMsa"	"InflFeats"	"Inflection Features"	""	"slice"	"MorphologyParts.xml, bin class=MoInflAffMsa, part id=MoInflAffMsa-Detail-InflFeats"	"exact"
"MoInflAffMsa"	"MainEdit"	"Category Info."	""	"slice"	"Morphology.fwlayout, layout class=MoInflAffMsa type=detail name=Normal"	"exact"
"MoInflAffMsa"	"PartOfSpeech"	"Category"	""	"slice"	"MorphologyParts.xml, bin class=MoInflAffMsa, part id=MoInflAffMsa-Detail-PartOfSpeech"	"exact"
"MoInflAffMsa"	"Slots"	"Slots"	""	"slice"	"MorphologyParts.xml, bin class=MoInflAffMsa, part id=MoInflAffMsa-Detail-Slots"	"exact"
"MoInflAffixSlot"	""	"Inflectional Affix Slot"	""	"strings-en"	"strings-en.xml, group=ClassNames, id=MoInflAffixSlot"	"class-only"
"MoInflAffixSlot"	"Description"	"Description"	""	"slice"	"MorphologyParts.xml, bin class=MoInflAffixSlot, part id=MoInflAffixSlot-Detail-DescriptionAllA"	"exact"
"MoInflAffixSlot"	"Name"	"Name"	""	"slice"	"MorphologyParts.xml, bin class=MoInflAffixSlot, part id=MoInflAffixSlot-Detail-NameAllA"	"ambiguous"
"MoInflAffixSlot"	"Name"	"Slot Name"	""	"slice"	"Morphology.fwlayout, layout class=MoInflAffixSlot type=detail name=EditSlot, ref=NameAllA resolved via Parts/*.xml"	"ambiguous"
"MoInflAffixSlot"	"NamePub"	"Slot Names"	""	"slice"	"Morphology.fwlayout, layout class=MoInflAffixSlot type=jtview name=publishStem | Morphology.fwlayout, layout class=MoInflAffixSlot type=jtview name=publishCd | Morphology.fwlayout, layout class=MoInflAffixSlot type=jtview name=publishStemMinor | Morphology.fwlayout, layout class=MoInflAffixSlot type=jtview name=publishRoot | Morphology.fwlayout, layout class=MoInflAffixSlot type=jtview name=publishRootMinor | +7 more"	"exact"
"MoInflAffixSlot"	"Optional"	"Optional"	""	"slice"	"Morphology.fwlayout, layout class=MoInflAffixSlot type=detail name=EditSlot"	"exact"
"MoInflAffixTemplate"	""	"Inflectional Affix Template"	""	"strings-en"	"strings-en.xml, group=ClassNames, id=MoInflAffixTemplate"	"class-only"
"MoInflAffixTemplate"	"Description"	"Description"	""	"slice"	"MorphologyParts.xml, bin class=MoInflAffixTemplate, part id=MoInflAffixTemplate-Detail-DescriptionAllA"	"exact"
"MoInflAffixTemplate"	"Disabled"	"Active"	""	"slice"	"MorphologyParts.xml, bin class=MoInflAffixTemplate, part id=MoInflAffixTemplate-Detail-Active"	"exact"
"MoInflAffixTemplate"	"Final"	"Requires more derivation"	""	"slice"	"MorphologyParts.xml, bin class=MoInflAffixTemplate, part id=MoInflAffixTemplate-Detail-Final"	"exact"
"MoInflAffixTemplate"	"Message"	"Note"	""	"slice"	"Morphology.fwlayout, layout class=MoInflAffixTemplate type=detail name=default"	"exact"
"MoInflAffixTemplate"	"Name"	"Name"	""	"slice"	"MorphologyParts.xml, bin class=MoInflAffixTemplate, part id=MoInflAffixTemplate-Detail-NameAllA"	"ambiguous"
"MoInflAffixTemplate"	"Name"	"Template Name"	""	"slice"	"Morphology.fwlayout, layout class=MoInflAffixTemplate type=detail name=default, ref=NameAllA resolved via Parts/*.xml"	"ambiguous"
"MoInflClass"	""	"Inflection Class"	""	"strings-en"	"strings-en.xml, group=ClassNames, id=MoInflClass"	"class-only"
"MoInflClass"	"Abbreviation"	"Abbreviation"	""	"slice"	"MorphologyParts.xml, bin class=MoInflClass, part id=MoInflClass-Detail-AbbreviationAllA"	"exact"
"MoInflClass"	"Description"	"Description"	""	"slice"	"MorphologyParts.xml, bin class=MoInflClass, part id=MoInflClass-Detail-DescriptionAllA"	"exact"
"MoInflClass"	"Name"	"Inflection Class Name"	""	"slice"	"Morphology.fwlayout, layout class=MoInflClass type=detail name=EditInflectionClass, ref=NameAllA resolved via Parts/*.xml"	"ambiguous"
"MoInflClass"	"Name"	"Name"	""	"slice"	"MorphologyParts.xml, bin class=MoInflClass, part id=MoInflClass-Detail-NameAllA"	"ambiguous"
"MoInflClass"	"Name"	"Subclass Name"	""	"slice"	"Morphology.fwlayout, layout class=MoInflClass type=detail name=SubClassesAllA, ref=NameAllA resolved via Parts/*.xml"	"ambiguous"
"MoInflClass"	"SubClasses"	"Subclasses"	""	"slice"	"Morphology.fwlayout, layout class=MoInflClass type=detail name=SubClassesAllA | Morphology.fwlayout, layout class=MoInflClass type=detail name=EditInflectionClass"	"exact"
"MoInflClass"	"Subclasses"	"Subclasses"	""	"slice"	"Morphology.fwlayout, layout class=MoInflClass type=detail name=SubClassesAllA, ref=SubClassesSection resolved via Parts/*.xml | Morphology.fwlayout, layout class=MoInflClass type=detail name=EditInflectionClass, ref=SubClassesSection resolved via Parts/*.xml"	"exact"
"MoInflClass"	"SubclassesAllA"	"Subclass"	""	"slice"	"Morphology.fwlayout, layout class=MoInflClass type=detail name=SubClasses"	"exact"
"MoMorphAdhocProhib"	""	"Rule to Prevent Morpheme Co-occurrence"	""	"strings-en"	"strings-en.xml, group=ClassNames, id=MoMorphAdhocProhib"	"class-only"
"MoMorphAdhocProhib"	"FirstMorpheme"	"Key Morpheme"	""	"slice"	"MorphologyParts.xml, bin class=MoMorphAdhocProhib, part id=MoMorphAdhocProhib-Detail-FirstMorpheme"	"exact"
"MoMorphAdhocProhib"	"Message"	"Note"	""	"slice"	"Morphology.fwlayout, layout class=MoMorphAdhocProhib type=detail name=Edit"	"exact"
"MoMorphAdhocProhib"	"RestOfMorphs"	"Other Morpheme(s)"	""	"slice"	"MorphologyParts.xml, bin class=MoMorphAdhocProhib, part id=MoMorphAdhocProhib-Detail-RestOfMorphs"	"exact"
"MoMorphSynAnalysis"	"ExceptionFeaturesPub"	"Exception Features"	""	"slice"	"Morphology.fwlayout, layout class=MoMorphSynAnalysis type=jtview name=publishStem | Morphology.fwlayout, layout class=MoMorphSynAnalysis type=jtview name=publishCd | Morphology.fwlayout, layout class=MoMorphSynAnalysis type=jtview name=publishStemMinor | Morphology.fwlayout, layout class=MoMorphSynAnalysis type=jtview name=publishRoot | Morphology.fwlayout, layout class=MoMorphSynAnalysis type=jtview name=publishRootMinor | +7 more"	"exact"
"MoMorphSynAnalysis"	"FeaturesPub"	"Features"	""	"slice"	"Reversal.fwlayout, layout class=MoMorphSynAnalysis type=jtview name=publishForReversal | Reversal.fwlayout, layout class=MoMorphSynAnalysis type=jtview name=publishSubForReversal"	"ambiguous"
"MoMorphSynAnalysis"	"FeaturesPub"	"Inflection Features"	""	"slice"	"Morphology.fwlayout, layout class=MoMorphSynAnalysis type=jtview name=publishStem | Morphology.fwlayout, layout class=MoMorphSynAnalysis type=jtview name=publishCd | Morphology.fwlayout, layout class=MoMorphSynAnalysis type=jtview name=publishStemMinor | Morphology.fwlayout, layout class=MoMorphSynAnalysis type=jtview name=publishRoot | Morphology.fwlayout, layout class=MoMorphSynAnalysis type=jtview name=publishRootMinor | +5 more"	"ambiguous"
"MoMorphSynAnalysis"	"InflectionClassPub"	"Inflection Class"	""	"slice"	"Morphology.fwlayout, layout class=MoMorphSynAnalysis type=jtview name=publishStem | Morphology.fwlayout, layout class=MoMorphSynAnalysis type=jtview name=publishCd | Morphology.fwlayout, layout class=MoMorphSynAnalysis type=jtview name=publishStemMinor | Morphology.fwlayout, layout class=MoMorphSynAnalysis type=jtview name=publishRoot | Morphology.fwlayout, layout class=MoMorphSynAnalysis type=jtview name=publishRootMinor | +7 more"	"exact"
"MoMorphSynAnalysis"	"PartOfSpeechPub"	"Category Info."	""	"slice"	"Morphology.fwlayout, layout class=MoMorphSynAnalysis type=jtview name=publishStem | Morphology.fwlayout, layout class=MoMorphSynAnalysis type=jtview name=publishCd | Morphology.fwlayout, layout class=MoMorphSynAnalysis type=jtview name=publishStemMinor | Morphology.fwlayout, layout class=MoMorphSynAnalysis type=jtview name=publishRoot | Morphology.fwlayout, layout class=MoMorphSynAnalysis type=jtview name=publishRootMinor | +7 more"	"exact"
"MoMorphSynAnalysis"	"SlotsConfig"	"Slots (for Infl. Affixes)"	""	"slice"	"Morphology.fwlayout, layout class=MoMorphSynAnalysis type=jtview name=publishStem | Morphology.fwlayout, layout class=MoMorphSynAnalysis type=jtview name=publishCd | Morphology.fwlayout, layout class=MoMorphSynAnalysis type=jtview name=publishStemMinor | Morphology.fwlayout, layout class=MoMorphSynAnalysis type=jtview name=publishRoot | Morphology.fwlayout, layout class=MoMorphSynAnalysis type=jtview name=publishRootMinor | +7 more"	"exact"
"MoMorphType"	""	"Morpheme Type"	""	"strings-en"	"strings-en.xml, group=ClassNames, id=MoMorphType"	"ambiguous"
"MoMorphType"	""	"Morpheme Types"	""	"tool-config"	"toolConfiguration.xml tool=morphTypeEdit + areaConfiguration.xml ownerClass=LexDb ownerField=MorphTypes"	"ambiguous"
"MoMorphType"	"AbbreviationPub"	"Abbreviation"	""	"slice"	"LexEntry.fwlayout, layout class=MoMorphType type=jtview name=publishStemMorphType | LexEntry.fwlayout, layout class=MoMorphType type=jtview name=publishStemMinorMorphType | LexEntry.fwlayout, layout class=MoMorphType type=jtview name=publishRootMorphType | LexEntry.fwlayout, layout class=MoMorphType type=jtview name=publishRootMinorMorphType | LexEntry.fwlayout, layout class=MoMorphType type=jtview name=publishRootMinorSubMorphType | +3 more"	"exact"
"MoMorphType"	"NamePub"	"Name"	""	"slice"	"LexEntry.fwlayout, layout class=MoMorphType type=jtview name=publishStemMorphType | LexEntry.fwlayout, layout class=MoMorphType type=jtview name=publishStemMinorMorphType | LexEntry.fwlayout, layout class=MoMorphType type=jtview name=publishRootMorphType | LexEntry.fwlayout, layout class=MoMorphType type=jtview name=publishRootMinorMorphType | LexEntry.fwlayout, layout class=MoMorphType type=jtview name=publishRootMinorSubMorphType | +3 more"	"exact"
"MoMorphType"	"Postfix"	"Trailing Token"	""	"slice"	"MorphologyParts.xml, bin class=MoMorphType, part id=MoMorphType-Detail-Postfix"	"exact"
"MoMorphType"	"Prefix"	"Leading Token"	""	"slice"	"MorphologyParts.xml, bin class=MoMorphType, part id=MoMorphType-Detail-Prefix"	"exact"
"MoMorphType"	"SecondaryOrder"	"Secondary Order"	""	"slice"	"MorphologyParts.xml, bin class=MoMorphType, part id=MoMorphType-Detail-SecondaryOrder"	"exact"
"MoStemAllomorph"	""	"Stem Form"	""	"strings-en"	"strings-en.xml, group=ClassNames, id=MoStemAllomorph"	"class-only"
"MoStemAllomorph"	"AllomorphStatus"	"Allomorph Status"	""	"slice"	"Morphology.fwlayout, layout class=MoStemAllomorph type=detail name=AsLexemeFormBasic"	"exact"
"MoStemAllomorph"	"AsLexemeForm"	"Lexeme Form"	""	"slice"	"Morphology.fwlayout, layout class=MoStemAllomorph type=detail name=AsLexemeFormBasic"	"exact"
"MoStemAllomorph"	"AsVariantForm"	"Variant Form"	""	"slice"	"Morphology.fwlayout, layout class=MoStemAllomorph type=detail name=AsVariantForm"	"exact"
"MoStemAllomorph"	"FormAllV"	"Stem Allomorph"	""	"slice"	"Morphology.fwlayout, layout class=MoStemAllomorph type=detail name=Normal"	"exact"
"MoStemAllomorph"	"IsAbstract"	"Is Abstract Form"	""	"slice"	"Morphology.fwlayout, layout class=MoStemAllomorph type=detail name=Normal"	"exact"
"MoStemAllomorph"	"PhoneEnv"	"Environments"	""	"slice"	"MorphologyParts.xml, bin class=MoStemAllomorph, part id=MoStemAllomorph-Detail-PhoneEnv"	"exact"
"MoStemAllomorph"	"StemName"	"Stem Allomorph Label"	""	"slice"	"MorphologyParts.xml, bin class=MoStemAllomorph, part id=MoStemAllomorph-Detail-StemName | MorphologyParts.xml, bin class=MoStemAllomorph, part id=MoStemAllomorph-Detail-StemNameForLexemeForm"	"exact"
"MoStemMsa"	""	"Stem Analysis"	""	"strings-en"	"strings-en.xml, group=ClassNames, id=MoStemMsa"	"class-only"
"MoStemMsa"	"FromPartsOfSpeech"	"Attaches to Categories"	""	"slice"	"MorphologyParts.xml, bin class=MoStemMsa, part id=MoStemMsa-Detail-FromPartsOfSpeech"	"exact"
"MoStemMsa"	"InflectionClass"	"Inflection Class"	""	"slice"	"Morphology.fwlayout, layout class=MoStemMsa type=detail name=Normal, ref=InflectionClass resolved via Parts/*.xml | MorphologyParts.xml, bin class=MoStemMsa, part id=MoStemMsa-Detail-InflectionClass | MorphologyParts.xml, bin class=MoStemMsa, part id=MoStemMsa-Detail-InflectionClassDisabled"	"exact"
"MoStemMsa"	"MainEdit"	"Category Info."	""	"slice"	"Morphology.fwlayout, layout class=MoStemMsa type=detail name=Normal"	"exact"
"MoStemMsa"	"MsFeatures"	"Inflection Features"	""	"slice"	"MorphologyParts.xml, bin class=MoStemMsa, part id=MoStemMsa-Detail-MsFeatures"	"exact"
"MoStemMsa"	"PartOfSpeech"	"Category"	""	"slice"	"MorphologyParts.xml, bin class=MoStemMsa, part id=MoStemMsa-Detail-PartOfSpeech | MorphologyParts.xml, bin class=MoStemMsa, part id=MoStemMsa-Detail-Category | MorphologyParts.xml, bin class=MoStemMsa, part id=MoStemMsa-Detail-CategoryDisabled"	"exact"
"MoStemMsa"	"ProdRestrict"	"Exception ""Features"""	""	"slice"	"MorphologyParts.xml, bin class=MoStemMsa, part id=MoStemMsa-Detail-ProdRestrict | MorphologyParts.xml, bin class=MoStemMsa, part id=MoStemMsa-Detail-ProdRestrictDisabled"	"exact"
"MoStemName"	""	"Stem Allomorph Label"	""	"strings-en"	"strings-en.xml, group=ClassNames, id=MoStemName"	"class-only"
"MoStemName"	"Abbreviation"	"Abbreviation"	""	"slice"	"MorphologyParts.xml, bin class=MoStemName, part id=MoStemName-Detail-AbbreviationAllA"	"exact"
"MoStemName"	"Description"	"Description"	""	"slice"	"MorphologyParts.xml, bin class=MoStemName, part id=MoStemName-Detail-DescriptionAllA"	"exact"
"MoStemName"	"Name"	"Name"	""	"slice"	"MorphologyParts.xml, bin class=MoStemName, part id=MoStemName-Detail-NameAllA"	"ambiguous"
"MoStemName"	"Name"	"Stem Allomorph Label"	""	"slice"	"Morphology.fwlayout, layout class=MoStemName type=detail name=EditStemName, ref=NameAllA resolved via Parts/*.xml"	"ambiguous"
"MoStemName"	"StemNameRegions"	"Regions"	""	"slice"	"Morphology.fwlayout, layout class=MoStemName type=detail name=EditStemName"	"exact"
"MoStemName"	"StemNameRegionsSection"	"Feature Sets"	""	"slice"	"Morphology.fwlayout, layout class=MoStemName type=detail name=EditStemName"	"exact"
"MoUnclassifiedAffixMsa"	""	"'I'm not sure' Affix Analysis"	""	"strings-en"	"strings-en.xml, group=ClassNames, id=MoUnclassifiedAffixMsa"	"class-only"
"MoUnclassifiedAffixMsa"	"MainEdit"	"Category Info."	""	"slice"	"Morphology.fwlayout, layout class=MoUnclassifiedAffixMsa type=detail name=Normal"	"exact"
"MoUnclassifiedAffixMsa"	"PartOfSpeech"	"Category"	""	"slice"	"MorphologyParts.xml, bin class=MoUnclassifiedAffixMsa, part id=MoUnclassifiedAffixMsa-Detail-PartOfSpeech"	"exact"
"Note"	"Content"	"Note Content"	""	"slice"	"Cellar.fwlayout, layout class=Note type=jtview name=preview"	"exact"
"PartOfSpeech"	""	"Categories (or Parts of Speech)"	""	"strings-en"	"strings-en.xml, group=AlternativeTitles, id=PartOfSpeech-Plural"	"ambiguous"
"PartOfSpeech"	""	"Category (or Part of Speech)..."	""	"strings-en"	"strings-en.xml, group=ClassNames, id=PartOfSpeech"	"ambiguous"
"PartOfSpeech"	"Abbreviation"	"Abbreviation"	""	"slice"	"ReversalParts.xml, bin class=PartOfSpeech, part id=CmPossibility-Detail-AbbreviationRevPOS"	"exact"
"PartOfSpeech"	"AbbreviationPub"	"Abbreviation"	""	"slice"	"Reversal.fwlayout, layout class=PartOfSpeech type=jtview name=publishForReversal"	"exact"
"PartOfSpeech"	"AffixSlots"	"Affix Slots"	""	"slice"	"Morphology.fwlayout, layout class=PartOfSpeech type=detail name=default"	"exact"
"PartOfSpeech"	"AffixSlotsSection"	"Affix Slots"	""	"slice"	"Morphology.fwlayout, layout class=PartOfSpeech type=detail name=default"	"exact"
"PartOfSpeech"	"AffixTemplates"	"Affix Templates"	""	"slice"	"Morphology.fwlayout, layout class=PartOfSpeech type=detail name=default"	"exact"
"PartOfSpeech"	"AffixTemplatesSection"	"Affix Templates"	""	"slice"	"Morphology.fwlayout, layout class=PartOfSpeech type=detail name=default"	"exact"
"PartOfSpeech"	"DefaultInflectionClass"	"Default Inflection Class"	""	"slice"	"Morphology.fwlayout, layout class=PartOfSpeech type=detail name=default, ref=DefaultInflectionClass resolved via Parts/*.xml | MorphologyParts.xml, bin class=PartOfSpeech, part id=PartOfSpeech-Detail-DefaultInflectionClass"	"exact"
"PartOfSpeech"	"InflectableFeats"	"Inflectable Features"	""	"slice"	"Morphology.fwlayout, layout class=PartOfSpeech type=detail name=default, ref=InflectableFeats resolved via Parts/*.xml | MorphologyParts.xml, bin class=PartOfSpeech, part id=PartOfSpeech-Detail-InflectableFeats"	"exact"
"PartOfSpeech"	"InflectableFeatsSection"	"Features"	""	"slice"	"Morphology.fwlayout, layout class=PartOfSpeech type=detail name=default"	"exact"
"PartOfSpeech"	"InflectionClasses"	"Inflection Classes"	""	"slice"	"Morphology.fwlayout, layout class=PartOfSpeech type=detail name=default"	"exact"
"PartOfSpeech"	"InflectionClassesSection"	"Inflection Class Info"	""	"slice"	"Morphology.fwlayout, layout class=PartOfSpeech type=detail name=default"	"exact"
"PartOfSpeech"	"Name"	"Name"	""	"slice"	"ReversalParts.xml, bin class=PartOfSpeech, part id=CmPossibility-Detail-NameRevPOS"	"exact"
"PartOfSpeech"	"NamePub"	"Name"	""	"slice"	"Reversal.fwlayout, layout class=PartOfSpeech type=jtview name=publishForReversal"	"exact"
"PartOfSpeech"	"NameSubcategory"	"Subcategory"	""	"slice"	"Morphology.fwlayout, layout class=PartOfSpeech type=detail name=SubCategories"	"exact"
"PartOfSpeech"	"Section"	"Subcategories"	""	"slice"	"Reversal.fwlayout, layout class=PartOfSpeech type=detail name=Reversal | Reversal.fwlayout, layout class=PartOfSpeech type=detail name=ReversalSubcategory"	"exact"
"PartOfSpeech"	"StemNames"	"Stem Allomoprh Labels"	""	"slice"	"Morphology.fwlayout, layout class=PartOfSpeech type=detail name=default"	"exact"
"PartOfSpeech"	"StemNamesSection"	"Stem Allomorph Labels"	""	"slice"	"Morphology.fwlayout, layout class=PartOfSpeech type=detail name=default"	"exact"
"PartOfSpeech"	"SubCategoriesSection"	"Subcategories"	""	"slice"	"Morphology.fwlayout, layout class=PartOfSpeech type=detail name=default"	"exact"
"PartOfSpeech"	"SubPossibilities"	"Subcategories"	""	"slice"	"Morphology.fwlayout, layout class=PartOfSpeech type=detail name=default"	"exact"
"PartOfSpeech"	"SubPossibilitiesReversal"	"Subcategories"	""	"slice"	"Reversal.fwlayout, layout class=PartOfSpeech type=detail name=Reversal | Reversal.fwlayout, layout class=PartOfSpeech type=detail name=ReversalSubcategory"	"exact"
"PhBdryMarker"	""	"Boundary Marker"	""	"strings-en"	"strings-en.xml, group=ClassNames, id=PhBdryMarker"	"class-only"
"PhCode"	""	"Grapheme"	""	"strings-en"	"strings-en.xml, group=ClassNames, id=PhCode"	"class-only"
"PhCode"	"Representation"	"Grapheme"	""	"slice"	"MorphologyParts.xml, bin class=PhCode, part id=PhCode-Detail-Representation"	"exact"
"PhEnvironment"	""	"Environment"	""	"strings-en"	"strings-en.xml, group=ClassNames, id=PhEnvironment"	"ambiguous"
"PhEnvironment"	""	"Environments"	""	"strings-en"	"strings-en.xml, group=AlternativeTitles, id=PhEnvironment-Plural"	"ambiguous"
"PhEnvironment"	"Description"	"Description"	""	"slice"	"MorphologyParts.xml, bin class=PhEnvironment, part id=PhEnvironment-Detail-DescriptionAllA"	"exact"
"PhEnvironment"	"Name"	"Name"	""	"slice"	"MorphologyParts.xml, bin class=PhEnvironment, part id=PhEnvironment-Detail-NameAllA"	"exact"
"PhEnvironment"	"StringRepresentation"	"String Representation"	""	"slice"	"MorphologyParts.xml, bin class=PhEnvironment, part id=PhEnvironment-Detail-StringRepresentation"	"exact"
"PhMetathesisRule"	""	"Metathesis Rule"	""	"strings-en"	"strings-en.xml, group=ClassNames, id=PhMetathesisRule"	"class-only"
"PhMetathesisRule"	"RuleFormulaSection"	"Rule Formula"	""	"slice"	"Morphology.fwlayout, layout class=PhMetathesisRule type=detail name=Edit"	"exact"
"PhNCFeatures"	""	"Natural Class (Features)"	""	"strings-en"	"strings-en.xml, group=ClassNames, id=PhNCFeatures"	"class-only"
"PhNCFeatures"	"Features"	"Phonological Features"	""	"slice"	"Morphology.fwlayout, layout class=PhNCFeatures type=detail name=Edit, ref=Features resolved via Parts/*.xml | MorphologyParts.xml, bin class=PhNCFeatures, part id=PhNCFeatures-Detail-Features"	"exact"
"PhNCSegments"	""	"Natural Class (Phonemes)"	""	"strings-en"	"strings-en.xml, group=ClassNames, id=PhNCSegments"	"ambiguous"
"PhNCSegments"	""	"Natural Classes"	""	"strings-en"	"strings-en.xml, group=AlternativeTitles, id=PhNCSegments-Plural"	"ambiguous"
"PhNCSegments"	"Segments"	"Phonemes"	""	"slice"	"Morphology.fwlayout, layout class=PhNCSegments type=detail name=Edit, ref=Segments resolved via Parts/*.xml | MorphologyParts.xml, bin class=PhNCSegments, part id=PhNCSegments-Detail-Segments"	"exact"
"PhNaturalClass"	"Abbreviation"	"Abbreviation"	""	"slice"	"MorphologyParts.xml, bin class=PhNaturalClass, part id=PhNaturalClass-Detail-AbbreviationAllA"	"exact"
"PhNaturalClass"	"Description"	"Description"	""	"slice"	"MorphologyParts.xml, bin class=PhNaturalClass, part id=PhNaturalClass-Detail-DescriptionAllA"	"exact"
"PhNaturalClass"	"Name"	"Name"	""	"slice"	"MorphologyParts.xml, bin class=PhNaturalClass, part id=PhNaturalClass-Detail-NameAllA"	"exact"
"PhPhoneme"	""	"Phoneme"	""	"strings-en"	"strings-en.xml, group=ClassNames, id=PhPhoneme"	"ambiguous"
"PhPhoneme"	""	"Phonemes"	""	"strings-en"	"strings-en.xml, group=AlternativeTitles, id=PhPhoneme-Plural"	"ambiguous"
"PhPhoneme"	"BasicIPASymbol"	"IPA Symbol"	""	"slice"	"MorphologyParts.xml, bin class=PhPhoneme, part id=PhPhoneme-Detail-BasicIPASymbol"	"exact"
"PhPhoneme"	"Features"	"Phonological Features"	""	"slice"	"Morphology.fwlayout, layout class=PhPhoneme type=detail name=Edit, ref=Features resolved via Parts/*.xml | MorphologyParts.xml, bin class=PhPhoneme, part id=PhPhoneme-Detail-Features"	"exact"
"PhPhoneme"	"Name"	"Refer to as"	""	"slice"	"MorphologyParts.xml, bin class=PhPhoneme, part id=PhPhoneme-Detail-NameAllV"	"exact"
"PhPhoneme"	"RepresentationsSection"	"In Orthography as"	""	"slice"	"Morphology.fwlayout, layout class=PhPhoneme type=detail name=Edit"	"exact"
"PhRegularRule"	""	"Phonological Rule"	""	"strings-en"	"strings-en.xml, group=ClassNames, id=PhRegularRule"	"class-only"
"PhRegularRule"	"RuleFormulaSection"	"Rule Formula"	""	"slice"	"Morphology.fwlayout, layout class=PhRegularRule type=detail name=Edit"	"exact"
"PhSegRuleRHS"	"ExclRuleFeats"	"Excluded Properties"	""	"slice"	"MorphologyParts.xml, bin class=PhSegRuleRHS, part id=PhSegRuleRHS-Detail-ExcludedRuleFeatsDisabled | MorphologyParts.xml, bin class=PhSegRuleRHS, part id=PhSegRuleRHS-Detail-ExcludedRuleFeats"	"exact"
"PhSegRuleRHS"	"InputPOSes"	"Required Categories"	""	"slice"	"MorphologyParts.xml, bin class=PhSegRuleRHS, part id=PhSegRuleRHS-Detail-RequiredPOSesDisabled | MorphologyParts.xml, bin class=PhSegRuleRHS, part id=PhSegRuleRHS-Detail-RequiredPOSes"	"exact"
"PhSegRuleRHS"	"ReqRuleFeats"	"Required Properties"	""	"slice"	"MorphologyParts.xml, bin class=PhSegRuleRHS, part id=PhSegRuleRHS-Detail-RequiredRuleFeatsDisabled | MorphologyParts.xml, bin class=PhSegRuleRHS, part id=PhSegRuleRHS-Detail-RequiredRuleFeats"	"exact"
"PhSegmentRule"	""	"Phonological Rules"	""	"strings-en"	"strings-en.xml, group=AlternativeTitles, id=PhSegmentRule-Plural"	"class-only"
"PhSegmentRule"	"Description"	"Description"	""	"slice"	"MorphologyParts.xml, bin class=PhSegmentRule, part id=PhSegmentRule-Detail-DescriptionAllA"	"exact"
"PhSegmentRule"	"Direction"	"Direction"	""	"slice"	"MorphologyParts.xml, bin class=PhSegmentRule, part id=PhSegmentRule-Detail-Direction"	"exact"
"PhSegmentRule"	"Disabled"	"Active"	""	"slice"	"MorphologyParts.xml, bin class=PhSegmentRule, part id=PhSegmentRule-Detail-Active"	"exact"
"PhSegmentRule"	"Name"	"Name"	""	"slice"	"MorphologyParts.xml, bin class=PhSegmentRule, part id=PhSegmentRule-Detail-NameAllA"	"exact"
"PhSegmentRule"	"OrderNumber"	"Order Number"	""	"slice"	"MorphologyParts.xml, bin class=PhSegmentRule, part id=PhSegmentRule-Detail-OrderNumber"	"exact"
"PhTerminalUnit"	"Description"	"Description"	""	"slice"	"MorphologyParts.xml, bin class=PhTerminalUnit, part id=PhTerminalUnit-Detail-DescriptionAllA"	"exact"
"PhTerminalUnit"	"Name"	"Name"	""	"slice"	"MorphologyParts.xml, bin class=PhTerminalUnit, part id=PhTerminalUnit-Detail-NameAllV"	"exact"
"ReversalIndex"	""	"Reversal Index"	""	"strings-en"	"strings-en.xml, group=ClassNames, id=ReversalIndex"	"ambiguous"
"ReversalIndex"	""	"Reversals"	""	"strings-en"	"strings-en.xml, group=AlternativeTitles, id=ReversalIndex-Plural"	"ambiguous"
"ReversalIndexEntry"	""	"Reversal Entries"	""	"strings-en"	"strings-en.xml, group=AlternativeTitles, id=ReversalIndexEntry-Plural"	"ambiguous"
"ReversalIndexEntry"	""	"Reversal Entry"	""	"strings-en"	"strings-en.xml, group=ClassNames, id=ReversalIndexEntry"	"ambiguous"
"ReversalIndexEntry"	""	"Reversal Index"	""	"strings-en"	"strings-en.xml, group=AlternativeTitles, id=ReversalIndexEntry-DocList"	"ambiguous"
"ReversalIndexEntry"	"FormPub"	"Form"	""	"slice"	"Reversal.fwlayout, layout class=ReversalIndexEntry type=jtview name=publishPara"	"exact"
"ReversalIndexEntry"	"PartOfSpeech"	"Reversal Category"	""	"slice"	"ReversalParts.xml, bin class=ReversalIndexEntry, part id=ReversalIndexEntry-Detail-PartOfSpeech"	"exact"
"ReversalIndexEntry"	"PartOfSpeechConfig"	"Category"	""	"slice"	"Reversal.fwlayout, layout class=ReversalIndexEntry type=jtview name=publishPara"	"exact"
"ReversalIndexEntry"	"ReversalForm"	"Reversal Form"	""	"slice"	"Reversal.fwlayout, layout class=ReversalIndexEntry type=detail name=Normal, ref=ReversalForm resolved via Parts/*.xml | Reversal.fwlayout, layout class=ReversalIndexEntry type=detail name=Subentry, ref=ReversalForm resolved via Parts/*.xml | ReversalParts.xml, bin class=ReversalIndexEntry, part id=ReversalIndexEntry-Detail-ReversalForm"	"exact"
"ReversalIndexEntry"	"Section"	"Subentries"	""	"slice"	"Reversal.fwlayout, layout class=ReversalIndexEntry type=detail name=Normal | Reversal.fwlayout, layout class=ReversalIndexEntry type=detail name=Subentry"	"exact"
"ReversalIndexEntry"	"Senses"	"Referenced Senses"	""	"slice"	"ReversalParts.xml, bin class=ReversalIndexEntry, part id=ReversalIndexEntry-Detail-CurrentSenses"	"exact"
"ReversalIndexEntry"	"SensesConfig"	"Referenced Senses"	""	"slice"	"Reversal.fwlayout, layout class=ReversalIndexEntry type=jtview name=publishPara"	"exact"
"ReversalIndexEntry"	"SubentriesConfig"	"Reversal Subentries"	""	"slice"	"Reversal.fwlayout, layout class=ReversalIndexEntry type=jtview name=publishReversalIndexEntry"	"exact"
"RnGenericRec"	""	"Record"	""	"strings-en"	"strings-en.xml, group=ClassNames, id=RnGenericRec"	"ambiguous"
"RnGenericRec"	""	"Records"	""	"strings-en"	"strings-en.xml, group=AlternativeTitles, id=RnGenericRec-Plural"	"ambiguous"
"RnGenericRec"	"$child"	"$label"	""	"slice"	"Notebook.fwlayout, layout class=RnGenericRec type=jtview name=publishRecord | Notebook.fwlayout, layout class=RnGenericRec type=jtview name=publishClassifications"	"exact"
"RnGenericRec"	"AnthroCodes"	"Anthropology Categories"	""	"slice"	"NotebookParts.xml, bin class=RnGenericRec, part id=RnGenericRec-Detail-AnthroCodes"	"exact"
"RnGenericRec"	"AnthroCodesConfig"	"Anthropology Categories"	""	"slice"	"Notebook.fwlayout, layout class=RnGenericRec type=jtview name=publishRecord"	"exact"
"RnGenericRec"	"ClassificationsConfig"	"Classifications"	""	"slice"	"Notebook.fwlayout, layout class=RnGenericRec type=jtview name=publishRecord"	"exact"
"RnGenericRec"	"Conclusions"	"Conclusion"	""	"slice"	"NotebookParts.xml, bin class=RnGenericRec, part id=RnGenericRec-Detail-Conclusions"	"exact"
"RnGenericRec"	"Confidence"	"Confidence"	""	"slice"	"NotebookParts.xml, bin class=RnGenericRec, part id=RnGenericRec-Detail-Confidence"	"exact"
"RnGenericRec"	"ConfidenceConfig"	"Confidence"	""	"slice"	"Notebook.fwlayout, layout class=RnGenericRec type=jtview name=publishClassifications"	"exact"
"RnGenericRec"	"CounterEvidence"	"Counter Evidence"	""	"slice"	"NotebookParts.xml, bin class=RnGenericRec, part id=RnGenericRec-Detail-CounterEvidence"	"exact"
"RnGenericRec"	"CounterEvidenceConfig"	"Counter Evidence"	""	"slice"	"Notebook.fwlayout, layout class=RnGenericRec type=jtview name=publishRecord"	"exact"
"RnGenericRec"	"CounterTypeConfig"	"Record Type"	""	"slice"	"Notebook.fwlayout, layout class=RnGenericRec type=jtview name=publishRnCounterEvidence"	"exact"
"RnGenericRec"	"CustomPossAtomForRecord_$fieldName"	"$label"	""	"slice"	"Notebook.fwlayout, layout class=RnGenericRec type=jtview name=publishClassifications"	"exact"
"RnGenericRec"	"CustomPossVectorForRecord_$fieldName"	"$label"	""	"slice"	"Notebook.fwlayout, layout class=RnGenericRec type=jtview name=publishClassifications"	"exact"
"RnGenericRec"	"DateCreated"	"Date Created"	""	"slice"	"Notebook.fwlayout, layout class=RnGenericRec type=detail name=Normal"	"exact"
"RnGenericRec"	"DateCreatedPub"	"Date Created"	""	"slice"	"Notebook.fwlayout, layout class=RnGenericRec type=jtview name=publishHistory"	"exact"
"RnGenericRec"	"DateModified"	"Date Modified"	""	"slice"	"Notebook.fwlayout, layout class=RnGenericRec type=detail name=Normal"	"exact"
"RnGenericRec"	"DateModifiedPub"	"Date Modified"	""	"slice"	"Notebook.fwlayout, layout class=RnGenericRec type=jtview name=publishHistory"	"exact"
"RnGenericRec"	"DateOfEvent"	"Date of Event"	""	"slice"	"NotebookParts.xml, bin class=RnGenericRec, part id=RnGenericRec-Detail-DateOfEvent"	"exact"
"RnGenericRec"	"DateOfEventPub"	"Date of Event"	""	"slice"	"Notebook.fwlayout, layout class=RnGenericRec type=jtview name=publishRnSupportingEvidence | Notebook.fwlayout, layout class=RnGenericRec type=jtview name=publishRnCounterEvidence | Notebook.fwlayout, layout class=RnGenericRec type=jtview name=publishRnSupersededBy | Notebook.fwlayout, layout class=RnGenericRec type=jtview name=publishRnSeeAlso | Notebook.fwlayout, layout class=RnGenericRec type=jtview name=publishClassifications"	"exact"
"RnGenericRec"	"Description"	"Description"	""	"slice"	"NotebookParts.xml, bin class=RnGenericRec, part id=RnGenericRec-Detail-Description"	"exact"
"RnGenericRec"	"Discussion"	"Discussion"	""	"slice"	"NotebookParts.xml, bin class=RnGenericRec, part id=RnGenericRec-Detail-Discussion"	"exact"
"RnGenericRec"	"ExternalMaterials"	"External Materials"	""	"slice"	"NotebookParts.xml, bin class=RnGenericRec, part id=RnGenericRec-Detail-ExternalMaterials"	"exact"
"RnGenericRec"	"FurtherQuestions"	"Further Questions"	""	"slice"	"NotebookParts.xml, bin class=RnGenericRec, part id=RnGenericRec-Detail-FurtherQuestions"	"exact"
"RnGenericRec"	"HistoryConfig"	"Created/Modified"	""	"slice"	"Notebook.fwlayout, layout class=RnGenericRec type=jtview name=publishRecord"	"exact"
"RnGenericRec"	"Hypothesis"	"Hypothesis"	""	"slice"	"NotebookParts.xml, bin class=RnGenericRec, part id=RnGenericRec-Detail-Hypothesis"	"exact"
"RnGenericRec"	"Locations"	"Locations"	""	"slice"	"NotebookParts.xml, bin class=RnGenericRec, part id=RnGenericRec-Detail-Locations"	"exact"
"RnGenericRec"	"LocationsConfig"	"Locations"	""	"slice"	"Notebook.fwlayout, layout class=RnGenericRec type=jtview name=publishClassifications"	"exact"
"RnGenericRec"	"Participants"	"Participants"	""	"slice"	"NotebookParts.xml, bin class=RnGenericRec, part id=RnGenericRec-Detail-Participants"	"exact"
"RnGenericRec"	"ParticipantsConfig"	"Participants"	""	"slice"	"Notebook.fwlayout, layout class=RnGenericRec type=jtview name=publishClassifications"	"exact"
"RnGenericRec"	"PersonalNotes"	"Personal Notes"	""	"slice"	"NotebookParts.xml, bin class=RnGenericRec, part id=RnGenericRec-Detail-PersonalNotes"	"exact"
"RnGenericRec"	"ResearchPlan"	"Research Plan"	""	"slice"	"NotebookParts.xml, bin class=RnGenericRec, part id=RnGenericRec-Detail-ResearchPlan"	"exact"
"RnGenericRec"	"Researchers"	"Researchers"	""	"slice"	"NotebookParts.xml, bin class=RnGenericRec, part id=RnGenericRec-Detail-Researchers"	"exact"
"RnGenericRec"	"ResearchersConfig"	"Researchers"	""	"slice"	"Notebook.fwlayout, layout class=RnGenericRec type=jtview name=publishClassifications"	"exact"
"RnGenericRec"	"Restrictions"	"Restrictions"	""	"slice"	"NotebookParts.xml, bin class=RnGenericRec, part id=RnGenericRec-Detail-Restrictions"	"exact"
"RnGenericRec"	"RestrictionsConfig"	"Restrictions"	""	"slice"	"Notebook.fwlayout, layout class=RnGenericRec type=jtview name=publishClassifications"	"exact"
"RnGenericRec"	"SeeAlso"	"See Also"	""	"slice"	"NotebookParts.xml, bin class=RnGenericRec, part id=RnGenericRec-Detail-SeeAlso"	"exact"
"RnGenericRec"	"SeeAlsoConfig"	"See Also"	""	"slice"	"Notebook.fwlayout, layout class=RnGenericRec type=jtview name=publishRecord"	"exact"
"RnGenericRec"	"SeeAlsoTypeConfig"	"Record Type"	""	"slice"	"Notebook.fwlayout, layout class=RnGenericRec type=jtview name=publishRnSeeAlso"	"exact"
"RnGenericRec"	"Sources"	"Sources"	""	"slice"	"NotebookParts.xml, bin class=RnGenericRec, part id=RnGenericRec-Detail-Sources"	"exact"
"RnGenericRec"	"SourcesConfig"	"Sources"	""	"slice"	"Notebook.fwlayout, layout class=RnGenericRec type=jtview name=publishClassifications"	"exact"
"RnGenericRec"	"Status"	"Status"	""	"slice"	"NotebookParts.xml, bin class=RnGenericRec, part id=RnGenericRec-Detail-Status"	"exact"
"RnGenericRec"	"StatusConfig"	"Status"	""	"slice"	"Notebook.fwlayout, layout class=RnGenericRec type=jtview name=publishClassifications"	"exact"
"RnGenericRec"	"SubRecordSection"	"Subrecords"	""	"slice"	"Notebook.fwlayout, layout class=RnGenericRec type=detail name=Normal"	"exact"
"RnGenericRec"	"SubRecordsSection"	"Subrecords"	""	"slice"	"Notebook.fwlayout, layout class=RnGenericRec type=detail name=SubRecordSection"	"exact"
"RnGenericRec"	"SubrecordsConfig"	"Subrecords"	""	"slice"	"Notebook.fwlayout, layout class=RnGenericRec type=jtview name=publishRecord"	"exact"
"RnGenericRec"	"SupersededBy"	"Superseded By"	""	"slice"	"NotebookParts.xml, bin class=RnGenericRec, part id=RnGenericRec-Detail-SupersededBy"	"exact"
"RnGenericRec"	"SupersededByConfig"	"Superseded By"	""	"slice"	"Notebook.fwlayout, layout class=RnGenericRec type=jtview name=publishRecord"	"exact"
"RnGenericRec"	"SupersededTypeConfig"	"Record Type"	""	"slice"	"Notebook.fwlayout, layout class=RnGenericRec type=jtview name=publishRnSupersededBy"	"exact"
"RnGenericRec"	"SupportingEvidence"	"Supporting Evidence"	""	"slice"	"NotebookParts.xml, bin class=RnGenericRec, part id=RnGenericRec-Detail-SupportingEvidence"	"exact"
"RnGenericRec"	"SupportingEvidenceConfig"	"Supporting Evidence"	""	"slice"	"Notebook.fwlayout, layout class=RnGenericRec type=jtview name=publishRecord"	"exact"
"RnGenericRec"	"SupportingTypeConfig"	"Record Type"	""	"slice"	"Notebook.fwlayout, layout class=RnGenericRec type=jtview name=publishRnSupportingEvidence"	"exact"
"RnGenericRec"	"TimeOfEvent"	"Time of Event"	""	"slice"	"NotebookParts.xml, bin class=RnGenericRec, part id=RnGenericRec-Detail-TimeOfEvent"	"exact"
"RnGenericRec"	"TimeOfEventConfig"	"Time of Event"	""	"slice"	"Notebook.fwlayout, layout class=RnGenericRec type=jtview name=publishClassifications"	"exact"
"RnGenericRec"	"Title"	"Title"	""	"slice"	"NotebookParts.xml, bin class=RnGenericRec, part id=RnGenericRec-Detail-Title"	"exact"
"RnGenericRec"	"TitlePub"	"Title"	""	"slice"	"Notebook.fwlayout, layout class=RnGenericRec type=jtview name=publishRecord | Notebook.fwlayout, layout class=RnGenericRec type=jtview name=publishRnSupportingEvidence | Notebook.fwlayout, layout class=RnGenericRec type=jtview name=publishRnCounterEvidence | Notebook.fwlayout, layout class=RnGenericRec type=jtview name=publishRnSupersededBy | Notebook.fwlayout, layout class=RnGenericRec type=jtview name=publishRnSeeAlso"	"exact"
"RnGenericRec"	"Type"	"Record Type"	""	"slice"	"NotebookParts.xml, bin class=RnGenericRec, part id=RnGenericRec-Detail-Type"	"exact"
"RnGenericRec"	"TypeConfig"	"Record Type"	""	"slice"	"Notebook.fwlayout, layout class=RnGenericRec type=jtview name=publishClassifications"	"exact"
"RnRoledPartic"	"ParticipantConfig"	"Participant"	""	"slice"	"Notebook.fwlayout, layout class=RnRoledPartic type=jtview name=publishRnParticipant"	"exact"
"RnRoledPartic"	"RoleConfig"	"Role"	""	"slice"	"Notebook.fwlayout, layout class=RnRoledPartic type=jtview name=publishRnParticipant"	"exact"
"Segment"	"BaselineText"	"Sentence"	""	"slice"	"Cellar.fwlayout, layout class=Segment type=jtview name=publicationNew"	"exact"
"Segment"	"FreeTrans"	"Free Translations"	""	"slice"	"Cellar.fwlayout, layout class=Segment type=jtview name=publicationNew"	"exact"
"Segment"	"LitTrans"	"Literal Translations"	""	"slice"	"Cellar.fwlayout, layout class=Segment type=jtview name=publicationNew"	"exact"
"StFootnote"	""	"Text"	""	"strings-en"	"strings-en.xml, group=ClassNames, id=StFootnote"	"class-only"
"StText"	""	"Text"	""	"strings-en"	"strings-en.xml, group=ClassNames, id=StText"	"class-only"
"StText"	"CustomConfig"	"Custom"	""	"slice"	"Notebook.fwlayout, layout class=StText type=jtview name=publishCustom | Notebook.fwlayout, layout class=StText type=jtview name=publishCustomStText"	"exact"
"StText"	"IsTranslation"	"Text is a translation"	""	"slice"	"CellarParts.xml, bin class=StText, part id=StText-Detail-IsTranslation"	"exact"
"StText"	"RnConclusionsConfig"	"Conclusions"	""	"slice"	"Notebook.fwlayout, layout class=StText type=jtview name=publishRnConclusions"	"exact"
"StText"	"RnDescriptionConfig"	"Description"	""	"slice"	"Notebook.fwlayout, layout class=StText type=jtview name=publishRnDescription"	"exact"
"StText"	"RnDiscussionConfig"	"Discussion"	""	"slice"	"Notebook.fwlayout, layout class=StText type=jtview name=publishRnDiscussion"	"exact"
"StText"	"RnExternalMaterialsConfig"	"External Materials"	""	"slice"	"Notebook.fwlayout, layout class=StText type=jtview name=publishRnExternalMaterials"	"exact"
"StText"	"RnFurtherQuestionsConfig"	"Further Questions"	""	"slice"	"Notebook.fwlayout, layout class=StText type=jtview name=publishRnFurtherQuestions"	"exact"
"StText"	"RnHypothesisConfig"	"Hypothesis"	""	"slice"	"Notebook.fwlayout, layout class=StText type=jtview name=publishRnHypothesis"	"exact"
"StText"	"RnPersonalNotesConfig"	"Personal Notes"	""	"slice"	"Notebook.fwlayout, layout class=StText type=jtview name=publishRnPersonalNotes"	"exact"
"StText"	"RnResearchPlanConfig"	"Research Plan"	""	"slice"	"Notebook.fwlayout, layout class=StText type=jtview name=publishRnResearchPlan"	"exact"
"StText"	"Title"	"Title"	""	"slice"	"CellarParts.xml, bin class=StText, part id=StText-Detail-TitleAllWs"	"exact"
"Text"	""	"Text"	""	"strings-en"	"strings-en.xml, group=ClassNames, id=Text"	"ambiguous"
"Text"	""	"Texts"	""	"strings-en"	"strings-en.xml, group=AlternativeTitles, id=Text-Plural"	"ambiguous"
"Text"	"Abbreviation"	"Abbreviation"	""	"slice"	"CellarParts.xml, bin class=Text, part id=Text-Detail-AbbreviationAllWs"	"exact"
"Text"	"Contents"	"Text"	""	"slice"	"CellarParts.xml, bin class=Text, part id=Text-Detail-Contents"	"exact"
"Text"	"DateCreated"	"Date Created"	""	"slice"	"Cellar.fwlayout, layout class=Text type=detail name=FullInformation"	"exact"
"Text"	"DateModified"	"Date Modified"	""	"slice"	"Cellar.fwlayout, layout class=Text type=detail name=FullInformation"	"exact"
"Text"	"Description"	"Comment"	""	"slice"	"CellarParts.xml, bin class=Text, part id=Text-Detail-CommentAllWs"	"exact"
"Text"	"Genres"	"Genres"	""	"slice"	"CellarParts.xml, bin class=Text, part id=Text-Detail-Genres"	"exact"
"Text"	"IsTranslated"	"Text is a translation"	""	"slice"	"CellarParts.xml, bin class=Text, part id=Text-Detail-IsTranslated"	"exact"
"Text"	"MediaFiles"	"Media"	""	"slice"	"CellarParts.xml, bin class=Text, part id=Text-Detail-Media"	"exact"
"Text"	"Name"	"Title"	""	"slice"	"CellarParts.xml, bin class=Text, part id=Text-Detail-TitleAllWs"	"exact"
"Text"	"NotebookSection"	"Notebook Record"	""	"slice"	"Cellar.fwlayout, layout class=Text type=detail name=FullInformation"	"exact"
"Text"	"Source"	"Source"	""	"slice"	"CellarParts.xml, bin class=Text, part id=Text-Detail-SourceAllWs"	"exact"
"WfiAnalysis"	""	"Analyses"	""	"strings-en"	"strings-en.xml, group=AlternativeTitles, id=WfiAnalysis-Plural"	"ambiguous"
"WfiAnalysis"	""	"Analysis"	""	"strings-en"	"strings-en.xml, group=ClassNames, id=WfiAnalysis"	"ambiguous"
"WfiAnalysis"	"Category"	"Word Category"	""	"slice"	"WFIParts.xml, bin class=WfiAnalysis, part id=WfiAnalysis-Detail-PartOfSpeech"	"exact"
"WfiAnalysis"	"MorphBundles"	"Analysis"	""	"slice"	"WFIParts.xml, bin class=WfiAnalysis, part id=WfiAnalysis-Detail-InterlinearAnal | WFIParts.xml, bin class=WfiAnalysis, part id=WfiAnalysis-Detail-InterlinearParse"	"exact"
"WfiAnalysis"	"ParserStatusIcon"	"Parse result"	""	"slice"	"WFIParts.xml, bin class=WfiAnalysis, part id=WfiAnalysis-Detail-ParserOpinion"	"exact"
"WfiGloss"	""	"Word Gloss"	""	"strings-en"	"strings-en.xml, group=ClassNames, id=WfiGloss"	"class-only"
"WfiGloss"	"Form"	"Word Gloss"	""	"slice"	"WFIParts.xml, bin class=WfiGloss, part id=WfiGloss-Detail-FormAllAnal"	"exact"
"WfiMorphBundle"	""	"Analysis"	""	"strings-en"	"strings-en.xml, group=ClassNames, id=WfiMorphBundle"	"class-only"
"WfiWordform"	""	"Wordform"	""	"strings-en"	"strings-en.xml, group=ClassNames, id=WfiWordform"	"ambiguous"
"WfiWordform"	""	"Wordform Analyses"	""	"strings-en"	"strings-en.xml, group=AlternativeTitles, id=WfiWordform-Full"	"ambiguous"
"WfiWordform"	""	"Wordforms"	""	"strings-en"	"strings-en.xml, group=AlternativeTitles, id=WfiWordform-Plural"	"ambiguous"
"WfiWordform"	"HumanApprovedAnalysesSection"	"User Approved (Analyses)"	""	"slice"	"WFI.fwlayout, layout class=WfiWordform type=detail name=Normal"	"exact"
"WfiWordform"	"HumanDisapprovedAnalysesSection"	"User Disapproved (Test Case Analyses)"	""	"slice"	"WFI.fwlayout, layout class=WfiWordform type=detail name=Normal"	"exact"
"WfiWordform"	"HumanNoOpinionAnalysesSection"	"User Opinion Unknown (Analysis Candidates)"	""	"slice"	"WFI.fwlayout, layout class=WfiWordform type=detail name=Normal"	"exact"
"WfiWordform"	"SpellingStatus"	"Spelling Status"	""	"slice"	"WFIParts.xml, bin class=WfiWordform, part id=WfiWordform-Detail-Spelling"	"exact"
