"Class"	"Base"	"Abstract"	"Scope"	"ScopeReason"	"Field"	"Kind"	"Sig"	"Card"	"HcReferenced"
"ChkRef"	"CmObject"	"false"	"out"	"not-domain-reachable"	"KeyWord"	"basic"	"String"	""	"n/a"
"ChkRef"	"CmObject"	"false"	"out"	"not-domain-reachable"	"Location"	"basic"	"Integer"	""	"n/a"
"ChkRef"	"CmObject"	"false"	"out"	"not-domain-reachable"	"Ref"	"basic"	"Integer"	""	"n/a"
"ChkRef"	"CmObject"	"false"	"out"	"not-domain-reachable"	"Rendering"	"rel"	"WfiWordform"	"atomic"	"n/a"
"ChkRef"	"CmObject"	"false"	"out"	"not-domain-reachable"	"Status"	"basic"	"Integer"	""	"n/a"
"ChkRendering"	"CmObject"	"false"	"out"	"not-domain-reachable"	"Explanation"	"basic"	"MultiUnicode"	""	"n/a"
"ChkRendering"	"CmObject"	"false"	"out"	"not-domain-reachable"	"Meaning"	"rel"	"WfiGloss"	"atomic"	"n/a"
"ChkRendering"	"CmObject"	"false"	"out"	"not-domain-reachable"	"SurfaceForm"	"rel"	"WfiWordform"	"atomic"	"n/a"
"ChkSense"	"CmObject"	"false"	"out"	"not-domain-reachable"	"Explanation"	"basic"	"MultiUnicode"	""	"n/a"
"ChkSense"	"CmObject"	"false"	"out"	"not-domain-reachable"	"Sense"	"rel"	"LexSense"	"atomic"	"n/a"
"ChkTerm"	"CmPossibility"	"false"	"out"	"not-domain-reachable"	"Occurrences"	"owning"	"ChkRef"	"seq"	"n/a"
"ChkTerm"	"CmPossibility"	"false"	"out"	"not-domain-reachable"	"Renderings"	"owning"	"ChkRendering"	"col"	"n/a"
"ChkTerm"	"CmPossibility"	"false"	"out"	"not-domain-reachable"	"SeeAlso"	"basic"	"MultiUnicode"	""	"n/a"
"ChkTerm"	"CmPossibility"	"false"	"out"	"not-domain-reachable"	"TermId"	"basic"	"Integer"	""	"n/a"
"CmAgent"	"CmObject"	"false"	"out"	"not-domain-reachable"	"Approves"	"owning"	"CmAgentEvaluation"	"atomic"	"n/a"
"CmAgent"	"CmObject"	"false"	"out"	"not-domain-reachable"	"Disapproves"	"owning"	"CmAgentEvaluation"	"atomic"	"n/a"
"CmAgent"	"CmObject"	"false"	"out"	"not-domain-reachable"	"Human"	"basic"	"Boolean"	""	"n/a"
"CmAgent"	"CmObject"	"false"	"out"	"not-domain-reachable"	"Name"	"basic"	"MultiUnicode"	""	"n/a"
"CmAgent"	"CmObject"	"false"	"out"	"not-domain-reachable"	"Notes"	"owning"	"StText"	"atomic"	"n/a"
"CmAgent"	"CmObject"	"false"	"out"	"not-domain-reachable"	"StateInformation"	"basic"	"Unicode"	""	"n/a"
"CmAgent"	"CmObject"	"false"	"out"	"not-domain-reachable"	"Version"	"basic"	"Unicode"	""	"n/a"
"CmAnnotation"	"CmObject"	"true"	"out"	"not-domain-reachable"	"AnnotationType"	"rel"	"CmAnnotationDefn"	"atomic"	"n/a"
"CmAnnotation"	"CmObject"	"true"	"out"	"not-domain-reachable"	"Comment"	"basic"	"MultiString"	""	"n/a"
"CmAnnotation"	"CmObject"	"true"	"out"	"not-domain-reachable"	"CompDetails"	"basic"	"Unicode"	""	"n/a"
"CmAnnotation"	"CmObject"	"true"	"out"	"not-domain-reachable"	"DateCreated"	"basic"	"Time"	""	"n/a"
"CmAnnotation"	"CmObject"	"true"	"out"	"not-domain-reachable"	"DateModified"	"basic"	"Time"	""	"n/a"
"CmAnnotation"	"CmObject"	"true"	"out"	"not-domain-reachable"	"Features"	"owning"	"FsFeatStruc"	"atomic"	"n/a"
"CmAnnotation"	"CmObject"	"true"	"out"	"not-domain-reachable"	"InstanceOf"	"rel"	"CmObject"	"atomic"	"n/a"
"CmAnnotation"	"CmObject"	"true"	"out"	"not-domain-reachable"	"Source"	"rel"	"CmAgent"	"atomic"	"n/a"
"CmAnnotation"	"CmObject"	"true"	"out"	"not-domain-reachable"	"Text"	"owning"	"StText"	"atomic"	"n/a"
"CmAnnotationDefn"	"CmPossibility"	"false"	"out"	"not-domain-reachable"	"AllowsComment"	"basic"	"Boolean"	""	"n/a"
"CmAnnotationDefn"	"CmPossibility"	"false"	"out"	"not-domain-reachable"	"AllowsFeatureStructure"	"basic"	"Boolean"	""	"n/a"
"CmAnnotationDefn"	"CmPossibility"	"false"	"out"	"not-domain-reachable"	"AllowsInstanceOf"	"basic"	"Boolean"	""	"n/a"
"CmAnnotationDefn"	"CmPossibility"	"false"	"out"	"not-domain-reachable"	"CanCreateOrphan"	"basic"	"Boolean"	""	"n/a"
"CmAnnotationDefn"	"CmPossibility"	"false"	"out"	"not-domain-reachable"	"CopyCutPastable"	"basic"	"Boolean"	""	"n/a"
"CmAnnotationDefn"	"CmPossibility"	"false"	"out"	"not-domain-reachable"	"InstanceOfSignature"	"basic"	"Integer"	""	"n/a"
"CmAnnotationDefn"	"CmPossibility"	"false"	"out"	"not-domain-reachable"	"MaxDupOccur"	"basic"	"Integer"	""	"n/a"
"CmAnnotationDefn"	"CmPossibility"	"false"	"out"	"not-domain-reachable"	"Multi"	"basic"	"Boolean"	""	"n/a"
"CmAnnotationDefn"	"CmPossibility"	"false"	"out"	"not-domain-reachable"	"PromptUser"	"basic"	"Boolean"	""	"n/a"
"CmAnnotationDefn"	"CmPossibility"	"false"	"out"	"not-domain-reachable"	"Severity"	"basic"	"Integer"	""	"n/a"
"CmAnnotationDefn"	"CmPossibility"	"false"	"out"	"not-domain-reachable"	"UserCanCreate"	"basic"	"Boolean"	""	"n/a"
"CmAnnotationDefn"	"CmPossibility"	"false"	"out"	"not-domain-reachable"	"ZeroWidth"	"basic"	"Boolean"	""	"n/a"
"CmBaseAnnotation"	"CmAnnotation"	"false"	"out"	"not-domain-reachable"	"BeginObject"	"rel"	"CmObject"	"atomic"	"n/a"
"CmBaseAnnotation"	"CmAnnotation"	"false"	"out"	"not-domain-reachable"	"BeginOffset"	"basic"	"Integer"	""	"n/a"
"CmBaseAnnotation"	"CmAnnotation"	"false"	"out"	"not-domain-reachable"	"BeginRef"	"basic"	"Integer"	""	"n/a"
"CmBaseAnnotation"	"CmAnnotation"	"false"	"out"	"not-domain-reachable"	"EndObject"	"rel"	"CmObject"	"atomic"	"n/a"
"CmBaseAnnotation"	"CmAnnotation"	"false"	"out"	"not-domain-reachable"	"EndOffset"	"basic"	"Integer"	""	"n/a"
"CmBaseAnnotation"	"CmAnnotation"	"false"	"out"	"not-domain-reachable"	"EndRef"	"basic"	"Integer"	""	"n/a"
"CmBaseAnnotation"	"CmAnnotation"	"false"	"out"	"not-domain-reachable"	"Flid"	"basic"	"Integer"	""	"n/a"
"CmBaseAnnotation"	"CmAnnotation"	"false"	"out"	"not-domain-reachable"	"OtherObjects"	"rel"	"CmObject"	"col"	"n/a"
"CmBaseAnnotation"	"CmAnnotation"	"false"	"out"	"not-domain-reachable"	"WritingSystem"	"basic"	"Unicode"	""	"n/a"
"CmBaseAnnotation"	"CmAnnotation"	"false"	"out"	"not-domain-reachable"	"WsSelector"	"basic"	"Integer"	""	"n/a"
"CmCell"	"CmObject"	"false"	"out"	"not-domain-reachable"	"Contents"	"basic"	"String"	""	"n/a"
"CmDomainQ"	"CmObject"	"false"	"out"	"not-domain-reachable"	"ExampleSentences"	"basic"	"MultiString"	""	"n/a"
"CmDomainQ"	"CmObject"	"false"	"out"	"not-domain-reachable"	"ExampleWords"	"basic"	"MultiUnicode"	""	"n/a"
"CmDomainQ"	"CmObject"	"false"	"out"	"not-domain-reachable"	"Question"	"basic"	"MultiUnicode"	""	"n/a"
"CmFile"	"CmObject"	"false"	"out"	"not-domain-reachable"	"Copyright"	"basic"	"MultiString"	""	"n/a"
"CmFile"	"CmObject"	"false"	"out"	"not-domain-reachable"	"Description"	"basic"	"MultiString"	""	"n/a"
"CmFile"	"CmObject"	"false"	"out"	"not-domain-reachable"	"InternalPath"	"basic"	"Unicode"	""	"n/a"
"CmFile"	"CmObject"	"false"	"out"	"not-domain-reachable"	"Name"	"basic"	"MultiUnicode"	""	"n/a"
"CmFile"	"CmObject"	"false"	"out"	"not-domain-reachable"	"OriginalPath"	"basic"	"Unicode"	""	"n/a"
"CmFilter"	"CmObject"	"false"	"out"	"not-domain-reachable"	"App"	"basic"	"Guid"	""	"n/a"
"CmFilter"	"CmObject"	"false"	"out"	"not-domain-reachable"	"ClassId"	"basic"	"Integer"	""	"n/a"
"CmFilter"	"CmObject"	"false"	"out"	"not-domain-reachable"	"ColumnInfo"	"basic"	"Unicode"	""	"n/a"
"CmFilter"	"CmObject"	"false"	"out"	"not-domain-reachable"	"FieldId"	"basic"	"Integer"	""	"n/a"
"CmFilter"	"CmObject"	"false"	"out"	"not-domain-reachable"	"FieldInfo"	"basic"	"Unicode"	""	"n/a"
"CmFilter"	"CmObject"	"false"	"out"	"not-domain-reachable"	"Name"	"basic"	"Unicode"	""	"n/a"
"CmFilter"	"CmObject"	"false"	"out"	"not-domain-reachable"	"PromptText"	"basic"	"Unicode"	""	"n/a"
"CmFilter"	"CmObject"	"false"	"out"	"not-domain-reachable"	"Rows"	"owning"	"CmRow"	"seq"	"n/a"
"CmFilter"	"CmObject"	"false"	"out"	"not-domain-reachable"	"ShowPrompt"	"basic"	"Integer"	""	"n/a"
"CmFilter"	"CmObject"	"false"	"out"	"not-domain-reachable"	"Type"	"basic"	"Integer"	""	"n/a"
"CmFolder"	"CmObject"	"false"	"out"	"not-domain-reachable"	"Description"	"basic"	"MultiString"	""	"n/a"
"CmFolder"	"CmObject"	"false"	"out"	"not-domain-reachable"	"Files"	"owning"	"CmFile"	"col"	"n/a"
"CmFolder"	"CmObject"	"false"	"out"	"not-domain-reachable"	"Name"	"basic"	"MultiUnicode"	""	"n/a"
"CmFolder"	"CmObject"	"false"	"out"	"not-domain-reachable"	"SubFolders"	"owning"	"CmFolder"	"col"	"n/a"
"CmIndirectAnnotation"	"CmAnnotation"	"false"	"out"	"not-domain-reachable"	"AppliesTo"	"rel"	"CmAnnotation"	"seq"	"n/a"
"CmLocation"	"CmPossibility"	"false"	"out"	"not-domain-reachable"	"Alias"	"basic"	"MultiUnicode"	""	"n/a"
"CmMajorObject"	"CmObject"	"true"	"out"	"not-domain-reachable"	"DateCreated"	"basic"	"Time"	""	"n/a"
"CmMajorObject"	"CmObject"	"true"	"out"	"not-domain-reachable"	"DateModified"	"basic"	"Time"	""	"n/a"
"CmMajorObject"	"CmObject"	"true"	"out"	"not-domain-reachable"	"Description"	"basic"	"MultiString"	""	"n/a"
"CmMajorObject"	"CmObject"	"true"	"out"	"not-domain-reachable"	"HeaderFooterSets"	"owning"	"PubHFSet"	"col"	"n/a"
"CmMajorObject"	"CmObject"	"true"	"out"	"not-domain-reachable"	"Name"	"basic"	"MultiUnicode"	""	"n/a"
"CmMajorObject"	"CmObject"	"true"	"out"	"not-domain-reachable"	"Publications"	"owning"	"Publication"	"col"	"n/a"
"CmMedia"	"CmObject"	"false"	"in"	"domain-reachable from lexical/grammar roots"	"Label"	"basic"	"MultiString"	""	"no"
"CmMedia"	"CmObject"	"false"	"in"	"domain-reachable from lexical/grammar roots"	"MediaFile"	"rel"	"CmFile"	"atomic"	"no"
"CmMediaContainer"	"CmObject"	"false"	"out"	"not-domain-reachable"	"MediaURIs"	"owning"	"CmMediaURI"	"col"	"n/a"
"CmMediaContainer"	"CmObject"	"false"	"out"	"not-domain-reachable"	"OffsetType"	"basic"	"Unicode"	""	"n/a"
"CmMediaURI"	"CmObject"	"false"	"out"	"not-domain-reachable"	"MediaURI"	"basic"	"Unicode"	""	"n/a"
"CmOverlay"	"CmObject"	"false"	"out"	"not-domain-reachable"	"Name"	"basic"	"Unicode"	""	"n/a"
"CmOverlay"	"CmObject"	"false"	"out"	"not-domain-reachable"	"PossItems"	"rel"	"CmPossibility"	"col"	"n/a"
"CmOverlay"	"CmObject"	"false"	"out"	"not-domain-reachable"	"PossList"	"rel"	"CmPossibilityList"	"atomic"	"n/a"
"CmPerson"	"CmPossibility"	"false"	"out"	"not-domain-reachable"	"Alias"	"basic"	"MultiUnicode"	""	"n/a"
"CmPerson"	"CmPossibility"	"false"	"out"	"not-domain-reachable"	"DateOfBirth"	"basic"	"GenDate"	""	"n/a"
"CmPerson"	"CmPossibility"	"false"	"out"	"not-domain-reachable"	"DateOfDeath"	"basic"	"GenDate"	""	"n/a"
"CmPerson"	"CmPossibility"	"false"	"out"	"not-domain-reachable"	"Education"	"rel"	"CmPossibility"	"atomic"	"n/a"
"CmPerson"	"CmPossibility"	"false"	"out"	"not-domain-reachable"	"Gender"	"basic"	"Integer"	""	"n/a"
"CmPerson"	"CmPossibility"	"false"	"out"	"not-domain-reachable"	"IsResearcher"	"basic"	"Boolean"	""	"n/a"
"CmPerson"	"CmPossibility"	"false"	"out"	"not-domain-reachable"	"PlaceOfBirth"	"rel"	"CmLocation"	"atomic"	"n/a"
"CmPerson"	"CmPossibility"	"false"	"out"	"not-domain-reachable"	"PlacesOfResidence"	"rel"	"CmLocation"	"col"	"n/a"
"CmPerson"	"CmPossibility"	"false"	"out"	"not-domain-reachable"	"Positions"	"rel"	"CmPossibility"	"col"	"n/a"
"CmPicture"	"CmObject"	"false"	"in"	"domain-reachable from lexical/grammar roots"	"Caption"	"basic"	"MultiString"	""	"no"
"CmPicture"	"CmObject"	"false"	"in"	"domain-reachable from lexical/grammar roots"	"Description"	"basic"	"MultiString"	""	"no"
"CmPicture"	"CmObject"	"false"	"in"	"domain-reachable from lexical/grammar roots"	"DoNotPublishIn"	"rel"	"CmPossibility"	"col"	"no"
"CmPicture"	"CmObject"	"false"	"in"	"domain-reachable from lexical/grammar roots"	"LayoutPos"	"basic"	"Integer"	""	"no"
"CmPicture"	"CmObject"	"false"	"in"	"domain-reachable from lexical/grammar roots"	"LocationMax"	"basic"	"Integer"	""	"no"
"CmPicture"	"CmObject"	"false"	"in"	"domain-reachable from lexical/grammar roots"	"LocationMin"	"basic"	"Integer"	""	"no"
"CmPicture"	"CmObject"	"false"	"in"	"domain-reachable from lexical/grammar roots"	"LocationRangeType"	"basic"	"Integer"	""	"no"
"CmPicture"	"CmObject"	"false"	"in"	"domain-reachable from lexical/grammar roots"	"PictureFile"	"rel"	"CmFile"	"atomic"	"no"
"CmPicture"	"CmObject"	"false"	"in"	"domain-reachable from lexical/grammar roots"	"ScaleFactor"	"basic"	"Integer"	""	"no"
"CmPossibility"	"CmObject"	"false"	"in"	"domain-reachable from lexical/grammar roots"	"Abbreviation"	"basic"	"MultiUnicode"	""	"name-referenced"
"CmPossibility"	"CmObject"	"false"	"in"	"domain-reachable from lexical/grammar roots"	"BackColor"	"basic"	"Integer"	""	"no"
"CmPossibility"	"CmObject"	"false"	"in"	"domain-reachable from lexical/grammar roots"	"Confidence"	"rel"	"CmPossibility"	"atomic"	"no"
"CmPossibility"	"CmObject"	"false"	"in"	"domain-reachable from lexical/grammar roots"	"DateCreated"	"basic"	"Time"	""	"no"
"CmPossibility"	"CmObject"	"false"	"in"	"domain-reachable from lexical/grammar roots"	"DateModified"	"basic"	"Time"	""	"no"
"CmPossibility"	"CmObject"	"false"	"in"	"domain-reachable from lexical/grammar roots"	"Description"	"basic"	"MultiString"	""	"no"
"CmPossibility"	"CmObject"	"false"	"in"	"domain-reachable from lexical/grammar roots"	"Discussion"	"owning"	"StText"	"atomic"	"no"
"CmPossibility"	"CmObject"	"false"	"in"	"domain-reachable from lexical/grammar roots"	"ForeColor"	"basic"	"Integer"	""	"no"
"CmPossibility"	"CmObject"	"false"	"in"	"domain-reachable from lexical/grammar roots"	"HelpId"	"basic"	"Unicode"	""	"no"
"CmPossibility"	"CmObject"	"false"	"in"	"domain-reachable from lexical/grammar roots"	"Hidden"	"basic"	"Boolean"	""	"no"
"CmPossibility"	"CmObject"	"false"	"in"	"domain-reachable from lexical/grammar roots"	"IsProtected"	"basic"	"Boolean"	""	"no"
"CmPossibility"	"CmObject"	"false"	"in"	"domain-reachable from lexical/grammar roots"	"Name"	"basic"	"MultiUnicode"	""	"no"
"CmPossibility"	"CmObject"	"false"	"in"	"domain-reachable from lexical/grammar roots"	"Researchers"	"rel"	"CmPerson"	"col"	"no"
"CmPossibility"	"CmObject"	"false"	"in"	"domain-reachable from lexical/grammar roots"	"Restrictions"	"rel"	"CmPossibility"	"col"	"no"
"CmPossibility"	"CmObject"	"false"	"in"	"domain-reachable from lexical/grammar roots"	"SortSpec"	"basic"	"Integer"	""	"no"
"CmPossibility"	"CmObject"	"false"	"in"	"domain-reachable from lexical/grammar roots"	"Status"	"rel"	"CmPossibility"	"atomic"	"no"
"CmPossibility"	"CmObject"	"false"	"in"	"domain-reachable from lexical/grammar roots"	"SubPossibilities"	"owning"	"CmPossibility"	"seq"	"name-referenced"
"CmPossibility"	"CmObject"	"false"	"in"	"domain-reachable from lexical/grammar roots"	"UnderColor"	"basic"	"Integer"	""	"no"
"CmPossibility"	"CmObject"	"false"	"in"	"domain-reachable from lexical/grammar roots"	"UnderStyle"	"basic"	"Integer"	""	"no"
"CmPossibilityList"	"CmMajorObject"	"false"	"in"	"domain-reachable from lexical/grammar roots"	"Abbreviation"	"basic"	"MultiUnicode"	""	"name-referenced"
"CmPossibilityList"	"CmMajorObject"	"false"	"in"	"domain-reachable from lexical/grammar roots"	"Depth"	"basic"	"Integer"	""	"no"
"CmPossibilityList"	"CmMajorObject"	"false"	"in"	"domain-reachable from lexical/grammar roots"	"DisplayOption"	"basic"	"Integer"	""	"no"
"CmPossibilityList"	"CmMajorObject"	"false"	"in"	"domain-reachable from lexical/grammar roots"	"HelpFile"	"basic"	"Unicode"	""	"no"
"CmPossibilityList"	"CmMajorObject"	"false"	"in"	"domain-reachable from lexical/grammar roots"	"IsClosed"	"basic"	"Boolean"	""	"no"
"CmPossibilityList"	"CmMajorObject"	"false"	"in"	"domain-reachable from lexical/grammar roots"	"IsSorted"	"basic"	"Boolean"	""	"no"
"CmPossibilityList"	"CmMajorObject"	"false"	"in"	"domain-reachable from lexical/grammar roots"	"IsVernacular"	"basic"	"Boolean"	""	"no"
"CmPossibilityList"	"CmMajorObject"	"false"	"in"	"domain-reachable from lexical/grammar roots"	"ItemClsid"	"basic"	"Integer"	""	"no"
"CmPossibilityList"	"CmMajorObject"	"false"	"in"	"domain-reachable from lexical/grammar roots"	"ListVersion"	"basic"	"Guid"	""	"no"
"CmPossibilityList"	"CmMajorObject"	"false"	"in"	"domain-reachable from lexical/grammar roots"	"Possibilities"	"owning"	"CmPossibility"	"seq"	"no"
"CmPossibilityList"	"CmMajorObject"	"false"	"in"	"domain-reachable from lexical/grammar roots"	"PreventChoiceAboveLevel"	"basic"	"Integer"	""	"no"
"CmPossibilityList"	"CmMajorObject"	"false"	"in"	"domain-reachable from lexical/grammar roots"	"PreventDuplicates"	"basic"	"Boolean"	""	"no"
"CmPossibilityList"	"CmMajorObject"	"false"	"in"	"domain-reachable from lexical/grammar roots"	"PreventNodeChoices"	"basic"	"Boolean"	""	"no"
"CmPossibilityList"	"CmMajorObject"	"false"	"in"	"domain-reachable from lexical/grammar roots"	"UseExtendedFields"	"basic"	"Boolean"	""	"no"
"CmPossibilityList"	"CmMajorObject"	"false"	"in"	"domain-reachable from lexical/grammar roots"	"WritingSystem"	"basic"	"Unicode"	""	"no"
"CmPossibilityList"	"CmMajorObject"	"false"	"in"	"domain-reachable from lexical/grammar roots"	"WsSelector"	"basic"	"Integer"	""	"no"
"CmProject"	"CmObject"	"true"	"out"	"not-domain-reachable"	"DateCreated"	"basic"	"Time"	""	"n/a"
"CmProject"	"CmObject"	"true"	"out"	"not-domain-reachable"	"DateModified"	"basic"	"Time"	""	"n/a"
"CmProject"	"CmObject"	"true"	"out"	"not-domain-reachable"	"Description"	"basic"	"MultiString"	""	"n/a"
"CmResource"	"CmObject"	"false"	"in"	"domain-reachable from lexical/grammar roots"	"Name"	"basic"	"Unicode"	""	"no"
"CmResource"	"CmObject"	"false"	"in"	"domain-reachable from lexical/grammar roots"	"Version"	"basic"	"Guid"	""	"no"
"CmRow"	"CmObject"	"false"	"out"	"not-domain-reachable"	"Cells"	"owning"	"CmCell"	"seq"	"n/a"
"CmSemanticDomain"	"CmPossibility"	"false"	"out"	"not-domain-reachable"	"LouwNidaCodes"	"basic"	"Unicode"	""	"n/a"
"CmSemanticDomain"	"CmPossibility"	"false"	"out"	"not-domain-reachable"	"OcmCodes"	"basic"	"Unicode"	""	"n/a"
"CmSemanticDomain"	"CmPossibility"	"false"	"out"	"not-domain-reachable"	"OcmRefs"	"rel"	"CmAnthroItem"	"col"	"n/a"
"CmSemanticDomain"	"CmPossibility"	"false"	"out"	"not-domain-reachable"	"Questions"	"owning"	"CmDomainQ"	"seq"	"n/a"
"CmSemanticDomain"	"CmPossibility"	"false"	"out"	"not-domain-reachable"	"RelatedDomains"	"rel"	"CmSemanticDomain"	"col"	"n/a"
"CmTranslation"	"CmObject"	"false"	"in"	"domain-reachable from lexical/grammar roots"	"Status"	"basic"	"MultiUnicode"	""	"no"
"CmTranslation"	"CmObject"	"false"	"in"	"domain-reachable from lexical/grammar roots"	"Translation"	"basic"	"MultiString"	""	"no"
"CmTranslation"	"CmObject"	"false"	"in"	"domain-reachable from lexical/grammar roots"	"Type"	"rel"	"CmPossibility"	"atomic"	"no"
"ConstChartClauseMarker"	"ConstituentChartCellPart"	"false"	"out"	"not-domain-reachable"	"DependentClauses"	"rel"	"ConstChartRow"	"seq"	"n/a"
"ConstChartMovedTextMarker"	"ConstituentChartCellPart"	"false"	"out"	"not-domain-reachable"	"Preposed"	"basic"	"Boolean"	""	"n/a"
"ConstChartMovedTextMarker"	"ConstituentChartCellPart"	"false"	"out"	"not-domain-reachable"	"WordGroup"	"rel"	"ConstChartWordGroup"	"atomic"	"n/a"
"ConstChartRow"	"CmObject"	"false"	"out"	"not-domain-reachable"	"Cells"	"owning"	"ConstituentChartCellPart"	"seq"	"n/a"
"ConstChartRow"	"CmObject"	"false"	"out"	"not-domain-reachable"	"ClauseType"	"basic"	"Integer"	""	"n/a"
"ConstChartRow"	"CmObject"	"false"	"out"	"not-domain-reachable"	"EndDependentClauseGroup"	"basic"	"Boolean"	""	"n/a"
"ConstChartRow"	"CmObject"	"false"	"out"	"not-domain-reachable"	"EndParagraph"	"basic"	"Boolean"	""	"n/a"
"ConstChartRow"	"CmObject"	"false"	"out"	"not-domain-reachable"	"EndSentence"	"basic"	"Boolean"	""	"n/a"
"ConstChartRow"	"CmObject"	"false"	"out"	"not-domain-reachable"	"Label"	"basic"	"String"	""	"n/a"
"ConstChartRow"	"CmObject"	"false"	"out"	"not-domain-reachable"	"Notes"	"basic"	"String"	""	"n/a"
"ConstChartRow"	"CmObject"	"false"	"out"	"not-domain-reachable"	"StartDependentClauseGroup"	"basic"	"Boolean"	""	"n/a"
"ConstChartTag"	"ConstituentChartCellPart"	"false"	"out"	"not-domain-reachable"	"Tag"	"rel"	"CmPossibility"	"atomic"	"n/a"
"ConstChartWordGroup"	"ConstituentChartCellPart"	"false"	"out"	"not-domain-reachable"	"BeginAnalysisIndex"	"basic"	"Integer"	""	"n/a"
"ConstChartWordGroup"	"ConstituentChartCellPart"	"false"	"out"	"not-domain-reachable"	"BeginSegment"	"rel"	"Segment"	"atomic"	"n/a"
"ConstChartWordGroup"	"ConstituentChartCellPart"	"false"	"out"	"not-domain-reachable"	"EndAnalysisIndex"	"basic"	"Integer"	""	"n/a"
"ConstChartWordGroup"	"ConstituentChartCellPart"	"false"	"out"	"not-domain-reachable"	"EndSegment"	"rel"	"Segment"	"atomic"	"n/a"
"ConstituentChartCellPart"	"CmObject"	"true"	"out"	"not-domain-reachable"	"Column"	"rel"	"CmPossibility"	"atomic"	"n/a"
"ConstituentChartCellPart"	"CmObject"	"true"	"out"	"not-domain-reachable"	"MergesAfter"	"basic"	"Boolean"	""	"n/a"
"ConstituentChartCellPart"	"CmObject"	"true"	"out"	"not-domain-reachable"	"MergesBefore"	"basic"	"Boolean"	""	"n/a"
"CrossReference"	"CmObject"	"false"	"out"	"not-domain-reachable"	"Comment"	"basic"	"MultiString"	""	"n/a"
"DsChart"	"CmMajorObject"	"true"	"out"	"not-domain-reachable"	"Template"	"rel"	"CmPossibility"	"atomic"	"n/a"
"DsConstChart"	"DsChart"	"false"	"out"	"not-domain-reachable"	"BasedOn"	"rel"	"StText"	"atomic"	"n/a"
"DsConstChart"	"DsChart"	"false"	"out"	"not-domain-reachable"	"Rows"	"owning"	"ConstChartRow"	"seq"	"n/a"
"DsDiscourseData"	"CmObject"	"false"	"out"	"not-domain-reachable"	"ChartMarkers"	"owning"	"CmPossibilityList"	"atomic"	"n/a"
"DsDiscourseData"	"CmObject"	"false"	"out"	"not-domain-reachable"	"Charts"	"owning"	"DsChart"	"col"	"n/a"
"DsDiscourseData"	"CmObject"	"false"	"out"	"not-domain-reachable"	"ConstChartTempl"	"owning"	"CmPossibilityList"	"atomic"	"n/a"
"FsClosedFeature"	"FsFeatDefn"	"false"	"in"	"domain-reachable from lexical/grammar roots"	"Values"	"owning"	"FsSymFeatVal"	"col"	"name-referenced"
"FsClosedValue"	"FsFeatureSpecification"	"false"	"in"	"domain-reachable from lexical/grammar roots"	"Value"	"rel"	"FsSymFeatVal"	"atomic"	"no"
"FsComplexFeature"	"FsFeatDefn"	"false"	"in"	"domain-reachable from lexical/grammar roots"	"Type"	"rel"	"FsFeatStrucType"	"atomic"	"no"
"FsComplexValue"	"FsFeatureSpecification"	"false"	"in"	"domain-reachable from lexical/grammar roots"	"Value"	"owning"	"FsAbstractStructure"	"atomic"	"no"
"FsDisjunctiveValue"	"FsFeatureSpecification"	"false"	"in"	"domain-reachable from lexical/grammar roots"	"Value"	"rel"	"FsSymFeatVal"	"col"	"no"
"FsFeatDefn"	"CmObject"	"true"	"in"	"domain-reachable from lexical/grammar roots"	"Abbreviation"	"basic"	"MultiUnicode"	""	"name-referenced"
"FsFeatDefn"	"CmObject"	"true"	"in"	"domain-reachable from lexical/grammar roots"	"CatalogSourceId"	"basic"	"Unicode"	""	"no"
"FsFeatDefn"	"CmObject"	"true"	"in"	"domain-reachable from lexical/grammar roots"	"Default"	"owning"	"FsFeatureSpecification"	"atomic"	"no"
"FsFeatDefn"	"CmObject"	"true"	"in"	"domain-reachable from lexical/grammar roots"	"Description"	"basic"	"MultiString"	""	"no"
"FsFeatDefn"	"CmObject"	"true"	"in"	"domain-reachable from lexical/grammar roots"	"DisplayToRightOfValues"	"basic"	"Boolean"	""	"no"
"FsFeatDefn"	"CmObject"	"true"	"in"	"domain-reachable from lexical/grammar roots"	"GlossAbbreviation"	"basic"	"MultiUnicode"	""	"no"
"FsFeatDefn"	"CmObject"	"true"	"in"	"domain-reachable from lexical/grammar roots"	"Name"	"basic"	"MultiUnicode"	""	"no"
"FsFeatDefn"	"CmObject"	"true"	"in"	"domain-reachable from lexical/grammar roots"	"RightGlossSep"	"basic"	"MultiUnicode"	""	"no"
"FsFeatDefn"	"CmObject"	"true"	"in"	"domain-reachable from lexical/grammar roots"	"ShowInGloss"	"basic"	"Boolean"	""	"no"
"FsFeatStruc"	"FsAbstractStructure"	"false"	"in"	"domain-reachable from lexical/grammar roots"	"FeatureDisjunctions"	"owning"	"FsFeatStrucDisj"	"col"	"no"
"FsFeatStruc"	"FsAbstractStructure"	"false"	"in"	"domain-reachable from lexical/grammar roots"	"FeatureSpecs"	"owning"	"FsFeatureSpecification"	"col"	"name-referenced"
"FsFeatStruc"	"FsAbstractStructure"	"false"	"in"	"domain-reachable from lexical/grammar roots"	"Type"	"rel"	"FsFeatStrucType"	"atomic"	"no"
"FsFeatStrucDisj"	"FsAbstractStructure"	"false"	"in"	"domain-reachable from lexical/grammar roots"	"Contents"	"owning"	"FsFeatStruc"	"col"	"no"
"FsFeatStrucType"	"CmObject"	"false"	"in"	"domain-reachable from lexical/grammar roots"	"Abbreviation"	"basic"	"MultiUnicode"	""	"name-referenced"
"FsFeatStrucType"	"CmObject"	"false"	"in"	"domain-reachable from lexical/grammar roots"	"CatalogSourceId"	"basic"	"Unicode"	""	"no"
"FsFeatStrucType"	"CmObject"	"false"	"in"	"domain-reachable from lexical/grammar roots"	"Description"	"basic"	"MultiString"	""	"no"
"FsFeatStrucType"	"CmObject"	"false"	"in"	"domain-reachable from lexical/grammar roots"	"Features"	"rel"	"FsFeatDefn"	"seq"	"name-referenced"
"FsFeatStrucType"	"CmObject"	"false"	"in"	"domain-reachable from lexical/grammar roots"	"Name"	"basic"	"MultiUnicode"	""	"no"
"FsFeatureSpecification"	"CmObject"	"true"	"in"	"domain-reachable from lexical/grammar roots"	"Feature"	"rel"	"FsFeatDefn"	"atomic"	"name-referenced"
"FsFeatureSpecification"	"CmObject"	"true"	"in"	"domain-reachable from lexical/grammar roots"	"RefNumber"	"basic"	"Integer"	""	"no"
"FsFeatureSpecification"	"CmObject"	"true"	"in"	"domain-reachable from lexical/grammar roots"	"ValueState"	"basic"	"Integer"	""	"no"
"FsFeatureSystem"	"CmObject"	"false"	"in"	"domain-reachable from lexical/grammar roots"	"Features"	"owning"	"FsFeatDefn"	"col"	"name-referenced"
"FsFeatureSystem"	"CmObject"	"false"	"in"	"domain-reachable from lexical/grammar roots"	"Types"	"owning"	"FsFeatStrucType"	"col"	"no"
"FsNegatedValue"	"FsFeatureSpecification"	"false"	"in"	"domain-reachable from lexical/grammar roots"	"Value"	"rel"	"FsSymFeatVal"	"atomic"	"no"
"FsOpenFeature"	"FsFeatDefn"	"false"	"in"	"domain-reachable from lexical/grammar roots"	"WritingSystem"	"basic"	"Unicode"	""	"no"
"FsOpenFeature"	"FsFeatDefn"	"false"	"in"	"domain-reachable from lexical/grammar roots"	"WsSelector"	"basic"	"Integer"	""	"no"
"FsOpenValue"	"FsFeatureSpecification"	"false"	"in"	"domain-reachable from lexical/grammar roots"	"Value"	"basic"	"MultiUnicode"	""	"no"
"FsSharedValue"	"FsFeatureSpecification"	"false"	"in"	"domain-reachable from lexical/grammar roots"	"Value"	"rel"	"FsFeatureSpecification"	"atomic"	"no"
"FsSymFeatVal"	"CmObject"	"false"	"in"	"domain-reachable from lexical/grammar roots"	"Abbreviation"	"basic"	"MultiUnicode"	""	"name-referenced"
"FsSymFeatVal"	"CmObject"	"false"	"in"	"domain-reachable from lexical/grammar roots"	"CatalogSourceId"	"basic"	"Unicode"	""	"no"
"FsSymFeatVal"	"CmObject"	"false"	"in"	"domain-reachable from lexical/grammar roots"	"Description"	"basic"	"MultiString"	""	"no"
"FsSymFeatVal"	"CmObject"	"false"	"in"	"domain-reachable from lexical/grammar roots"	"GlossAbbreviation"	"basic"	"MultiUnicode"	""	"no"
"FsSymFeatVal"	"CmObject"	"false"	"in"	"domain-reachable from lexical/grammar roots"	"Name"	"basic"	"MultiUnicode"	""	"no"
"FsSymFeatVal"	"CmObject"	"false"	"in"	"domain-reachable from lexical/grammar roots"	"RightGlossSep"	"basic"	"MultiUnicode"	""	"no"
"FsSymFeatVal"	"CmObject"	"false"	"in"	"domain-reachable from lexical/grammar roots"	"ShowInGloss"	"basic"	"Boolean"	""	"no"
"LangProject"	"CmProject"	"false"	"in"	"domain-reachable from lexical/grammar roots"	"ActivatedFeatures"	"owning"	"UserAppFeatAct"	"col"	"no"
"LangProject"	"CmProject"	"false"	"in"	"domain-reachable from lexical/grammar roots"	"AffixCategories"	"owning"	"CmPossibilityList"	"atomic"	"no"
"LangProject"	"CmProject"	"false"	"in"	"domain-reachable from lexical/grammar roots"	"AnalysisWss"	"basic"	"Unicode"	""	"no"
"LangProject"	"CmProject"	"false"	"in"	"domain-reachable from lexical/grammar roots"	"AnalyzingAgents"	"owning"	"CmAgent"	"col"	"no"
"LangProject"	"CmProject"	"false"	"in"	"domain-reachable from lexical/grammar roots"	"AnnotationDefs"	"owning"	"CmPossibilityList"	"atomic"	"no"
"LangProject"	"CmProject"	"false"	"in"	"domain-reachable from lexical/grammar roots"	"Annotations"	"owning"	"CmAnnotation"	"col"	"name-referenced"
"LangProject"	"CmProject"	"false"	"in"	"domain-reachable from lexical/grammar roots"	"AnthroList"	"owning"	"CmPossibilityList"	"atomic"	"no"
"LangProject"	"CmProject"	"false"	"in"	"domain-reachable from lexical/grammar roots"	"CheckLists"	"owning"	"CmPossibilityList"	"col"	"no"
"LangProject"	"CmProject"	"false"	"in"	"domain-reachable from lexical/grammar roots"	"ConfidenceLevels"	"owning"	"CmPossibilityList"	"atomic"	"no"
"LangProject"	"CmProject"	"false"	"in"	"domain-reachable from lexical/grammar roots"	"CurAnalysisWss"	"basic"	"Unicode"	""	"no"
"LangProject"	"CmProject"	"false"	"in"	"domain-reachable from lexical/grammar roots"	"CurPronunWss"	"basic"	"Unicode"	""	"no"
"LangProject"	"CmProject"	"false"	"in"	"domain-reachable from lexical/grammar roots"	"CurVernWss"	"basic"	"Unicode"	""	"no"
"LangProject"	"CmProject"	"false"	"in"	"domain-reachable from lexical/grammar roots"	"DiscourseData"	"owning"	"DsDiscourseData"	"atomic"	"no"
"LangProject"	"CmProject"	"false"	"in"	"domain-reachable from lexical/grammar roots"	"Education"	"owning"	"CmPossibilityList"	"atomic"	"no"
"LangProject"	"CmProject"	"false"	"in"	"domain-reachable from lexical/grammar roots"	"EthnologueCode"	"basic"	"Unicode"	""	"no"
"LangProject"	"CmProject"	"false"	"in"	"domain-reachable from lexical/grammar roots"	"FieldWorkLocation"	"basic"	"MultiUnicode"	""	"no"
"LangProject"	"CmProject"	"false"	"in"	"domain-reachable from lexical/grammar roots"	"FilePathsInTsStrings"	"owning"	"CmFolder"	"atomic"	"no"
"LangProject"	"CmProject"	"false"	"in"	"domain-reachable from lexical/grammar roots"	"Filters"	"owning"	"CmFilter"	"col"	"no"
"LangProject"	"CmProject"	"false"	"in"	"domain-reachable from lexical/grammar roots"	"GenreList"	"owning"	"CmPossibilityList"	"atomic"	"no"
"LangProject"	"CmProject"	"false"	"in"	"domain-reachable from lexical/grammar roots"	"HomographWs"	"basic"	"Unicode"	""	"no"
"LangProject"	"CmProject"	"false"	"in"	"domain-reachable from lexical/grammar roots"	"LexDb"	"owning"	"LexDb"	"atomic"	"name-referenced"
"LangProject"	"CmProject"	"false"	"in"	"domain-reachable from lexical/grammar roots"	"LinkedFilesRootDir"	"basic"	"Unicode"	""	"no"
"LangProject"	"CmProject"	"false"	"in"	"domain-reachable from lexical/grammar roots"	"Locations"	"owning"	"CmPossibilityList"	"atomic"	"no"
"LangProject"	"CmProject"	"false"	"in"	"domain-reachable from lexical/grammar roots"	"MainCountry"	"basic"	"MultiUnicode"	""	"no"
"LangProject"	"CmProject"	"false"	"in"	"domain-reachable from lexical/grammar roots"	"Media"	"owning"	"CmFolder"	"col"	"no"
"LangProject"	"CmProject"	"false"	"in"	"domain-reachable from lexical/grammar roots"	"MorphologicalData"	"owning"	"MoMorphData"	"atomic"	"name-referenced"
"LangProject"	"CmProject"	"false"	"in"	"domain-reachable from lexical/grammar roots"	"MsFeatureSystem"	"owning"	"FsFeatureSystem"	"atomic"	"name-referenced"
"LangProject"	"CmProject"	"false"	"in"	"domain-reachable from lexical/grammar roots"	"Overlays"	"owning"	"CmOverlay"	"col"	"no"
"LangProject"	"CmProject"	"false"	"in"	"domain-reachable from lexical/grammar roots"	"PartsOfSpeech"	"owning"	"CmPossibilityList"	"atomic"	"no"
"LangProject"	"CmProject"	"false"	"in"	"domain-reachable from lexical/grammar roots"	"People"	"owning"	"CmPossibilityList"	"atomic"	"no"
"LangProject"	"CmProject"	"false"	"in"	"domain-reachable from lexical/grammar roots"	"PhFeatureSystem"	"owning"	"FsFeatureSystem"	"atomic"	"name-referenced"
"LangProject"	"CmProject"	"false"	"in"	"domain-reachable from lexical/grammar roots"	"PhonologicalData"	"owning"	"PhPhonData"	"atomic"	"name-referenced"
"LangProject"	"CmProject"	"false"	"in"	"domain-reachable from lexical/grammar roots"	"Pictures"	"owning"	"CmFolder"	"col"	"no"
"LangProject"	"CmProject"	"false"	"in"	"domain-reachable from lexical/grammar roots"	"Positions"	"owning"	"CmPossibilityList"	"atomic"	"no"
"LangProject"	"CmProject"	"false"	"in"	"domain-reachable from lexical/grammar roots"	"ResearchNotebook"	"owning"	"RnResearchNbk"	"atomic"	"no"
"LangProject"	"CmProject"	"false"	"in"	"domain-reachable from lexical/grammar roots"	"Restrictions"	"owning"	"CmPossibilityList"	"atomic"	"no"
"LangProject"	"CmProject"	"false"	"in"	"domain-reachable from lexical/grammar roots"	"Roles"	"owning"	"CmPossibilityList"	"atomic"	"no"
"LangProject"	"CmProject"	"false"	"in"	"domain-reachable from lexical/grammar roots"	"SemanticDomainList"	"owning"	"CmPossibilityList"	"atomic"	"no"
"LangProject"	"CmProject"	"false"	"in"	"domain-reachable from lexical/grammar roots"	"Status"	"owning"	"CmPossibilityList"	"atomic"	"no"
"LangProject"	"CmProject"	"false"	"in"	"domain-reachable from lexical/grammar roots"	"Styles"	"owning"	"StStyle"	"col"	"no"
"LangProject"	"CmProject"	"false"	"in"	"domain-reachable from lexical/grammar roots"	"TextMarkupTags"	"owning"	"CmPossibilityList"	"atomic"	"no"
"LangProject"	"CmProject"	"false"	"in"	"domain-reachable from lexical/grammar roots"	"Thesaurus"	"rel"	"CmPossibilityList"	"atomic"	"no"
"LangProject"	"CmProject"	"false"	"in"	"domain-reachable from lexical/grammar roots"	"TimeOfDay"	"owning"	"CmPossibilityList"	"atomic"	"no"
"LangProject"	"CmProject"	"false"	"in"	"domain-reachable from lexical/grammar roots"	"TranslatedScripture"	"owning"	"Scripture"	"atomic"	"no"
"LangProject"	"CmProject"	"false"	"in"	"domain-reachable from lexical/grammar roots"	"TranslationTags"	"owning"	"CmPossibilityList"	"atomic"	"no"
"LangProject"	"CmProject"	"false"	"in"	"domain-reachable from lexical/grammar roots"	"UserAccounts"	"owning"	"UserConfigAcct"	"col"	"no"
"LangProject"	"CmProject"	"false"	"in"	"domain-reachable from lexical/grammar roots"	"VernWss"	"basic"	"Unicode"	""	"no"
"LangProject"	"CmProject"	"false"	"in"	"domain-reachable from lexical/grammar roots"	"WordformLookupLists"	"rel"	"WordformLookupList"	"col"	"no"
"LangProject"	"CmProject"	"false"	"in"	"domain-reachable from lexical/grammar roots"	"WorldRegion"	"basic"	"MultiUnicode"	""	"no"
"LexAppendix"	"CmObject"	"false"	"in"	"domain-reachable from lexical/grammar roots"	"Contents"	"owning"	"StText"	"atomic"	"no"
"LexDb"	"CmMajorObject"	"false"	"in"	"domain-reachable from lexical/grammar roots"	"AllomorphIndex"	"rel"	"MoForm"	"col"	"no"
"LexDb"	"CmMajorObject"	"false"	"in"	"domain-reachable from lexical/grammar roots"	"Appendixes"	"owning"	"LexAppendix"	"col"	"no"
"LexDb"	"CmMajorObject"	"false"	"in"	"domain-reachable from lexical/grammar roots"	"ComplexEntryTypes"	"owning"	"CmPossibilityList"	"atomic"	"no"
"LexDb"	"CmMajorObject"	"false"	"in"	"domain-reachable from lexical/grammar roots"	"DialectLabels"	"owning"	"CmPossibilityList"	"atomic"	"no"
"LexDb"	"CmMajorObject"	"false"	"in"	"domain-reachable from lexical/grammar roots"	"DomainTypes"	"owning"	"CmPossibilityList"	"atomic"	"no"
"LexDb"	"CmMajorObject"	"false"	"in"	"domain-reachable from lexical/grammar roots"	"ExtendedNoteTypes"	"owning"	"CmPossibilityList"	"atomic"	"no"
"LexDb"	"CmMajorObject"	"false"	"in"	"domain-reachable from lexical/grammar roots"	"Introduction"	"owning"	"StText"	"atomic"	"no"
"LexDb"	"CmMajorObject"	"false"	"in"	"domain-reachable from lexical/grammar roots"	"IsBodyInSeparateSubentry"	"basic"	"Boolean"	""	"no"
"LexDb"	"CmMajorObject"	"false"	"in"	"domain-reachable from lexical/grammar roots"	"IsHeadwordCitationForm"	"basic"	"Boolean"	""	"no"
"LexDb"	"CmMajorObject"	"false"	"in"	"domain-reachable from lexical/grammar roots"	"Languages"	"owning"	"CmPossibilityList"	"atomic"	"no"
"LexDb"	"CmMajorObject"	"false"	"in"	"domain-reachable from lexical/grammar roots"	"LexicalFormIndex"	"rel"	"LexEntry"	"col"	"no"
"LexDb"	"CmMajorObject"	"false"	"in"	"domain-reachable from lexical/grammar roots"	"MorphTypes"	"owning"	"CmPossibilityList"	"atomic"	"no"
"LexDb"	"CmMajorObject"	"false"	"in"	"domain-reachable from lexical/grammar roots"	"PublicationTypes"	"owning"	"CmPossibilityList"	"atomic"	"no"
"LexDb"	"CmMajorObject"	"false"	"in"	"domain-reachable from lexical/grammar roots"	"References"	"owning"	"CmPossibilityList"	"atomic"	"no"
"LexDb"	"CmMajorObject"	"false"	"in"	"domain-reachable from lexical/grammar roots"	"Resources"	"owning"	"CmResource"	"col"	"no"
"LexDb"	"CmMajorObject"	"false"	"in"	"domain-reachable from lexical/grammar roots"	"ReversalIndexes"	"owning"	"ReversalIndex"	"col"	"no"
"LexDb"	"CmMajorObject"	"false"	"in"	"domain-reachable from lexical/grammar roots"	"SenseTypes"	"owning"	"CmPossibilityList"	"atomic"	"no"
"LexDb"	"CmMajorObject"	"false"	"in"	"domain-reachable from lexical/grammar roots"	"UsageTypes"	"owning"	"CmPossibilityList"	"atomic"	"no"
"LexDb"	"CmMajorObject"	"false"	"in"	"domain-reachable from lexical/grammar roots"	"VariantEntryTypes"	"owning"	"CmPossibilityList"	"atomic"	"name-referenced"
"LexEntry"	"CmObject"	"false"	"in"	"domain-reachable from lexical/grammar roots"	"AlternateForms"	"owning"	"MoForm"	"seq"	"name-referenced"
"LexEntry"	"CmObject"	"false"	"in"	"domain-reachable from lexical/grammar roots"	"Bibliography"	"basic"	"MultiString"	""	"no"
"LexEntry"	"CmObject"	"false"	"in"	"domain-reachable from lexical/grammar roots"	"CitationForm"	"basic"	"MultiUnicode"	""	"no"
"LexEntry"	"CmObject"	"false"	"in"	"domain-reachable from lexical/grammar roots"	"Comment"	"basic"	"MultiString"	""	"no"
"LexEntry"	"CmObject"	"false"	"in"	"domain-reachable from lexical/grammar roots"	"DateCreated"	"basic"	"Time"	""	"no"
"LexEntry"	"CmObject"	"false"	"in"	"domain-reachable from lexical/grammar roots"	"DateModified"	"basic"	"Time"	""	"no"
"LexEntry"	"CmObject"	"false"	"in"	"domain-reachable from lexical/grammar roots"	"DialectLabels"	"rel"	"CmPossibility"	"seq"	"no"
"LexEntry"	"CmObject"	"false"	"in"	"domain-reachable from lexical/grammar roots"	"DoNotPublishIn"	"rel"	"CmPossibility"	"col"	"no"
"LexEntry"	"CmObject"	"false"	"in"	"domain-reachable from lexical/grammar roots"	"DoNotShowMainEntryIn"	"rel"	"CmPossibility"	"col"	"no"
"LexEntry"	"CmObject"	"false"	"in"	"domain-reachable from lexical/grammar roots"	"DoNotUseForParsing"	"basic"	"Boolean"	""	"no"
"LexEntry"	"CmObject"	"false"	"in"	"domain-reachable from lexical/grammar roots"	"EntryRefs"	"owning"	"LexEntryRef"	"seq"	"name-referenced"
"LexEntry"	"CmObject"	"false"	"in"	"domain-reachable from lexical/grammar roots"	"Etymology"	"owning"	"LexEtymology"	"seq"	"no"
"LexEntry"	"CmObject"	"false"	"in"	"domain-reachable from lexical/grammar roots"	"HomographNumber"	"basic"	"Integer"	""	"no"
"LexEntry"	"CmObject"	"false"	"in"	"domain-reachable from lexical/grammar roots"	"ImportResidue"	"basic"	"String"	""	"no"
"LexEntry"	"CmObject"	"false"	"in"	"domain-reachable from lexical/grammar roots"	"LexemeForm"	"owning"	"MoForm"	"atomic"	"name-referenced"
"LexEntry"	"CmObject"	"false"	"in"	"domain-reachable from lexical/grammar roots"	"LiftResidue"	"basic"	"Unicode"	""	"no"
"LexEntry"	"CmObject"	"false"	"in"	"domain-reachable from lexical/grammar roots"	"LiteralMeaning"	"basic"	"MultiString"	""	"no"
"LexEntry"	"CmObject"	"false"	"in"	"domain-reachable from lexical/grammar roots"	"MainEntriesOrSenses"	"rel"	"CmObject"	"seq"	"no"
"LexEntry"	"CmObject"	"false"	"in"	"domain-reachable from lexical/grammar roots"	"MorphoSyntaxAnalyses"	"owning"	"MoMorphSynAnalysis"	"col"	"name-referenced"
"LexEntry"	"CmObject"	"false"	"in"	"domain-reachable from lexical/grammar roots"	"Pronunciations"	"owning"	"LexPronunciation"	"seq"	"no"
"LexEntry"	"CmObject"	"false"	"in"	"domain-reachable from lexical/grammar roots"	"Restrictions"	"basic"	"MultiString"	""	"no"
"LexEntry"	"CmObject"	"false"	"in"	"domain-reachable from lexical/grammar roots"	"Senses"	"owning"	"LexSense"	"seq"	"name-referenced"
"LexEntry"	"CmObject"	"false"	"in"	"domain-reachable from lexical/grammar roots"	"SummaryDefinition"	"basic"	"MultiString"	""	"no"
"LexEntryInflType"	"LexEntryType"	"false"	"in"	"domain-reachable from lexical/grammar roots"	"GlossAppend"	"basic"	"MultiUnicode"	""	"name-referenced"
"LexEntryInflType"	"LexEntryType"	"false"	"in"	"domain-reachable from lexical/grammar roots"	"GlossPrepend"	"basic"	"MultiUnicode"	""	"name-referenced"
"LexEntryInflType"	"LexEntryType"	"false"	"in"	"domain-reachable from lexical/grammar roots"	"InflFeats"	"owning"	"FsFeatStruc"	"atomic"	"name-referenced"
"LexEntryInflType"	"LexEntryType"	"false"	"in"	"domain-reachable from lexical/grammar roots"	"Slots"	"rel"	"MoInflAffixSlot"	"col"	"name-referenced"
"LexEntryRef"	"CmObject"	"false"	"in"	"domain-reachable from lexical/grammar roots"	"ComplexEntryTypes"	"rel"	"LexEntryType"	"seq"	"no"
"LexEntryRef"	"CmObject"	"false"	"in"	"domain-reachable from lexical/grammar roots"	"ComponentLexemes"	"rel"	"CmObject"	"seq"	"name-referenced"
"LexEntryRef"	"CmObject"	"false"	"in"	"domain-reachable from lexical/grammar roots"	"HideMinorEntry"	"basic"	"Integer"	""	"no"
"LexEntryRef"	"CmObject"	"false"	"in"	"domain-reachable from lexical/grammar roots"	"LiftResidue"	"basic"	"Unicode"	""	"no"
"LexEntryRef"	"CmObject"	"false"	"in"	"domain-reachable from lexical/grammar roots"	"PrimaryLexemes"	"rel"	"CmObject"	"seq"	"no"
"LexEntryRef"	"CmObject"	"false"	"in"	"domain-reachable from lexical/grammar roots"	"RefType"	"basic"	"Integer"	""	"no"
"LexEntryRef"	"CmObject"	"false"	"in"	"domain-reachable from lexical/grammar roots"	"ShowComplexFormsIn"	"rel"	"CmObject"	"seq"	"no"
"LexEntryRef"	"CmObject"	"false"	"in"	"domain-reachable from lexical/grammar roots"	"Summary"	"basic"	"MultiString"	""	"no"
"LexEntryRef"	"CmObject"	"false"	"in"	"domain-reachable from lexical/grammar roots"	"VariantEntryTypes"	"rel"	"LexEntryType"	"seq"	"name-referenced"
"LexEntryType"	"CmPossibility"	"false"	"in"	"domain-reachable from lexical/grammar roots"	"ReverseAbbr"	"basic"	"MultiUnicode"	""	"no"
"LexEntryType"	"CmPossibility"	"false"	"in"	"domain-reachable from lexical/grammar roots"	"ReverseName"	"basic"	"MultiUnicode"	""	"no"
"LexEtymology"	"CmObject"	"false"	"in"	"domain-reachable from lexical/grammar roots"	"Bibliography"	"basic"	"MultiString"	""	"no"
"LexEtymology"	"CmObject"	"false"	"in"	"domain-reachable from lexical/grammar roots"	"Comment"	"basic"	"MultiString"	""	"no"
"LexEtymology"	"CmObject"	"false"	"in"	"domain-reachable from lexical/grammar roots"	"Form"	"basic"	"MultiString"	""	"name-referenced"
"LexEtymology"	"CmObject"	"false"	"in"	"domain-reachable from lexical/grammar roots"	"Gloss"	"basic"	"MultiString"	""	"name-referenced"
"LexEtymology"	"CmObject"	"false"	"in"	"domain-reachable from lexical/grammar roots"	"Language"	"rel"	"CmPossibility"	"seq"	"no"
"LexEtymology"	"CmObject"	"false"	"in"	"domain-reachable from lexical/grammar roots"	"LanguageNotes"	"basic"	"MultiString"	""	"no"
"LexEtymology"	"CmObject"	"false"	"in"	"domain-reachable from lexical/grammar roots"	"LiftResidue"	"basic"	"Unicode"	""	"no"
"LexEtymology"	"CmObject"	"false"	"in"	"domain-reachable from lexical/grammar roots"	"Note"	"basic"	"MultiString"	""	"no"
"LexEtymology"	"CmObject"	"false"	"in"	"domain-reachable from lexical/grammar roots"	"PrecComment"	"basic"	"MultiString"	""	"no"
"LexExampleSentence"	"CmObject"	"false"	"in"	"domain-reachable from lexical/grammar roots"	"DoNotPublishIn"	"rel"	"CmPossibility"	"col"	"no"
"LexExampleSentence"	"CmObject"	"false"	"in"	"domain-reachable from lexical/grammar roots"	"Example"	"basic"	"MultiString"	""	"no"
"LexExampleSentence"	"CmObject"	"false"	"in"	"domain-reachable from lexical/grammar roots"	"LiftResidue"	"basic"	"Unicode"	""	"no"
"LexExampleSentence"	"CmObject"	"false"	"in"	"domain-reachable from lexical/grammar roots"	"Reference"	"basic"	"String"	""	"no"
"LexExampleSentence"	"CmObject"	"false"	"in"	"domain-reachable from lexical/grammar roots"	"Translations"	"owning"	"CmTranslation"	"col"	"no"
"LexExtendedNote"	"CmObject"	"false"	"in"	"domain-reachable from lexical/grammar roots"	"Discussion"	"basic"	"MultiString"	""	"no"
"LexExtendedNote"	"CmObject"	"false"	"in"	"domain-reachable from lexical/grammar roots"	"Examples"	"owning"	"LexExampleSentence"	"seq"	"no"
"LexExtendedNote"	"CmObject"	"false"	"in"	"domain-reachable from lexical/grammar roots"	"ExtendedNoteType"	"rel"	"CmPossibility"	"atomic"	"no"
"LexPronunciation"	"CmObject"	"false"	"in"	"domain-reachable from lexical/grammar roots"	"CVPattern"	"basic"	"String"	""	"no"
"LexPronunciation"	"CmObject"	"false"	"in"	"domain-reachable from lexical/grammar roots"	"DoNotPublishIn"	"rel"	"CmPossibility"	"col"	"no"
"LexPronunciation"	"CmObject"	"false"	"in"	"domain-reachable from lexical/grammar roots"	"Form"	"basic"	"MultiUnicode"	""	"name-referenced"
"LexPronunciation"	"CmObject"	"false"	"in"	"domain-reachable from lexical/grammar roots"	"LiftResidue"	"basic"	"Unicode"	""	"no"
"LexPronunciation"	"CmObject"	"false"	"in"	"domain-reachable from lexical/grammar roots"	"Location"	"rel"	"CmLocation"	"atomic"	"no"
"LexPronunciation"	"CmObject"	"false"	"in"	"domain-reachable from lexical/grammar roots"	"MediaFiles"	"owning"	"CmMedia"	"seq"	"no"
"LexPronunciation"	"CmObject"	"false"	"in"	"domain-reachable from lexical/grammar roots"	"Tone"	"basic"	"String"	""	"no"
"LexReference"	"CmObject"	"false"	"in"	"domain-reachable from lexical/grammar roots"	"Comment"	"basic"	"MultiString"	""	"no"
"LexReference"	"CmObject"	"false"	"in"	"domain-reachable from lexical/grammar roots"	"LiftResidue"	"basic"	"Unicode"	""	"no"
"LexReference"	"CmObject"	"false"	"in"	"domain-reachable from lexical/grammar roots"	"Name"	"basic"	"MultiUnicode"	""	"no"
"LexReference"	"CmObject"	"false"	"in"	"domain-reachable from lexical/grammar roots"	"Targets"	"rel"	"CmObject"	"seq"	"no"
"LexRefType"	"CmPossibility"	"false"	"in"	"domain-reachable from lexical/grammar roots"	"MappingType"	"basic"	"Integer"	""	"no"
"LexRefType"	"CmPossibility"	"false"	"in"	"domain-reachable from lexical/grammar roots"	"Members"	"owning"	"LexReference"	"col"	"name-referenced"
"LexRefType"	"CmPossibility"	"false"	"in"	"domain-reachable from lexical/grammar roots"	"ReverseAbbreviation"	"basic"	"MultiUnicode"	""	"no"
"LexRefType"	"CmPossibility"	"false"	"in"	"domain-reachable from lexical/grammar roots"	"ReverseName"	"basic"	"MultiUnicode"	""	"no"
"LexSense"	"CmObject"	"false"	"in"	"domain-reachable from lexical/grammar roots"	"AnthroCodes"	"rel"	"CmAnthroItem"	"col"	"no"
"LexSense"	"CmObject"	"false"	"in"	"domain-reachable from lexical/grammar roots"	"AnthroNote"	"basic"	"MultiString"	""	"no"
"LexSense"	"CmObject"	"false"	"in"	"domain-reachable from lexical/grammar roots"	"Appendixes"	"rel"	"LexAppendix"	"col"	"no"
"LexSense"	"CmObject"	"false"	"in"	"domain-reachable from lexical/grammar roots"	"Bibliography"	"basic"	"MultiString"	""	"no"
"LexSense"	"CmObject"	"false"	"in"	"domain-reachable from lexical/grammar roots"	"Definition"	"basic"	"MultiString"	""	"no"
"LexSense"	"CmObject"	"false"	"in"	"domain-reachable from lexical/grammar roots"	"DialectLabels"	"rel"	"CmPossibility"	"seq"	"no"
"LexSense"	"CmObject"	"false"	"in"	"domain-reachable from lexical/grammar roots"	"DiscourseNote"	"basic"	"MultiString"	""	"no"
"LexSense"	"CmObject"	"false"	"in"	"domain-reachable from lexical/grammar roots"	"DomainTypes"	"rel"	"CmPossibility"	"col"	"no"
"LexSense"	"CmObject"	"false"	"in"	"domain-reachable from lexical/grammar roots"	"DoNotPublishIn"	"rel"	"CmPossibility"	"col"	"no"
"LexSense"	"CmObject"	"false"	"in"	"domain-reachable from lexical/grammar roots"	"EncyclopedicInfo"	"basic"	"MultiString"	""	"no"
"LexSense"	"CmObject"	"false"	"in"	"domain-reachable from lexical/grammar roots"	"Examples"	"owning"	"LexExampleSentence"	"seq"	"no"
"LexSense"	"CmObject"	"false"	"in"	"domain-reachable from lexical/grammar roots"	"Exemplar"	"basic"	"MultiString"	""	"no"
"LexSense"	"CmObject"	"false"	"in"	"domain-reachable from lexical/grammar roots"	"ExtendedNote"	"owning"	"LexExtendedNote"	"seq"	"no"
"LexSense"	"CmObject"	"false"	"in"	"domain-reachable from lexical/grammar roots"	"GeneralNote"	"basic"	"MultiString"	""	"no"
"LexSense"	"CmObject"	"false"	"in"	"domain-reachable from lexical/grammar roots"	"Gloss"	"basic"	"MultiUnicode"	""	"name-referenced"
"LexSense"	"CmObject"	"false"	"in"	"domain-reachable from lexical/grammar roots"	"GrammarNote"	"basic"	"MultiString"	""	"no"
"LexSense"	"CmObject"	"false"	"in"	"domain-reachable from lexical/grammar roots"	"ImportResidue"	"basic"	"String"	""	"no"
"LexSense"	"CmObject"	"false"	"in"	"domain-reachable from lexical/grammar roots"	"LiftResidue"	"basic"	"Unicode"	""	"no"
"LexSense"	"CmObject"	"false"	"in"	"domain-reachable from lexical/grammar roots"	"MorphoSyntaxAnalysis"	"rel"	"MoMorphSynAnalysis"	"atomic"	"name-referenced"
"LexSense"	"CmObject"	"false"	"in"	"domain-reachable from lexical/grammar roots"	"PhonologyNote"	"basic"	"MultiString"	""	"no"
"LexSense"	"CmObject"	"false"	"in"	"domain-reachable from lexical/grammar roots"	"Pictures"	"owning"	"CmPicture"	"seq"	"no"
"LexSense"	"CmObject"	"false"	"in"	"domain-reachable from lexical/grammar roots"	"Restrictions"	"basic"	"MultiString"	""	"no"
"LexSense"	"CmObject"	"false"	"in"	"domain-reachable from lexical/grammar roots"	"ScientificName"	"basic"	"String"	""	"no"
"LexSense"	"CmObject"	"false"	"in"	"domain-reachable from lexical/grammar roots"	"SemanticDomains"	"rel"	"CmSemanticDomain"	"col"	"no"
"LexSense"	"CmObject"	"false"	"in"	"domain-reachable from lexical/grammar roots"	"SemanticsNote"	"basic"	"MultiString"	""	"no"
"LexSense"	"CmObject"	"false"	"in"	"domain-reachable from lexical/grammar roots"	"Senses"	"owning"	"LexSense"	"seq"	"name-referenced"
"LexSense"	"CmObject"	"false"	"in"	"domain-reachable from lexical/grammar roots"	"SenseType"	"rel"	"CmPossibility"	"atomic"	"no"
"LexSense"	"CmObject"	"false"	"in"	"domain-reachable from lexical/grammar roots"	"SocioLinguisticsNote"	"basic"	"MultiString"	""	"no"
"LexSense"	"CmObject"	"false"	"in"	"domain-reachable from lexical/grammar roots"	"Source"	"basic"	"String"	""	"no"
"LexSense"	"CmObject"	"false"	"in"	"domain-reachable from lexical/grammar roots"	"Status"	"rel"	"CmPossibility"	"atomic"	"no"
"LexSense"	"CmObject"	"false"	"in"	"domain-reachable from lexical/grammar roots"	"ThesaurusItems"	"rel"	"CmPossibility"	"col"	"no"
"LexSense"	"CmObject"	"false"	"in"	"domain-reachable from lexical/grammar roots"	"UsageNote"	"basic"	"MultiString"	""	"no"
"LexSense"	"CmObject"	"false"	"in"	"domain-reachable from lexical/grammar roots"	"UsageTypes"	"rel"	"CmPossibility"	"col"	"no"
"MoAdhocProhib"	"CmObject"	"true"	"in"	"domain-reachable from lexical/grammar roots"	"Adjacency"	"basic"	"Integer"	""	"name-referenced"
"MoAdhocProhib"	"CmObject"	"true"	"in"	"domain-reachable from lexical/grammar roots"	"Disabled"	"basic"	"Boolean"	""	"name-referenced"
"MoAdhocProhibGr"	"MoAdhocProhib"	"false"	"in"	"domain-reachable from lexical/grammar roots"	"Description"	"basic"	"MultiString"	""	"no"
"MoAdhocProhibGr"	"MoAdhocProhib"	"false"	"in"	"domain-reachable from lexical/grammar roots"	"Members"	"owning"	"MoAdhocProhib"	"col"	"name-referenced"
"MoAdhocProhibGr"	"MoAdhocProhib"	"false"	"in"	"domain-reachable from lexical/grammar roots"	"Name"	"basic"	"MultiUnicode"	""	"no"
"MoAffixAllomorph"	"MoAffixForm"	"false"	"in"	"domain-reachable from lexical/grammar roots"	"MsEnvFeatures"	"owning"	"FsFeatStruc"	"atomic"	"name-referenced"
"MoAffixAllomorph"	"MoAffixForm"	"false"	"in"	"domain-reachable from lexical/grammar roots"	"MsEnvPartOfSpeech"	"rel"	"PartOfSpeech"	"atomic"	"no"
"MoAffixAllomorph"	"MoAffixForm"	"false"	"in"	"domain-reachable from lexical/grammar roots"	"PhoneEnv"	"rel"	"PhEnvironment"	"col"	"name-referenced"
"MoAffixAllomorph"	"MoAffixForm"	"false"	"in"	"domain-reachable from lexical/grammar roots"	"Position"	"rel"	"PhEnvironment"	"seq"	"name-referenced"
"MoAffixForm"	"MoForm"	"true"	"in"	"domain-reachable from lexical/grammar roots"	"InflectionClasses"	"rel"	"MoInflClass"	"col"	"name-referenced"
"MoAffixProcess"	"MoAffixForm"	"false"	"in"	"domain-reachable from lexical/grammar roots"	"Input"	"owning"	"PhContextOrVar"	"seq"	"name-referenced"
"MoAffixProcess"	"MoAffixForm"	"false"	"in"	"domain-reachable from lexical/grammar roots"	"Output"	"owning"	"MoRuleMapping"	"seq"	"name-referenced"
"MoAlloAdhocProhib"	"MoAdhocProhib"	"false"	"in"	"domain-reachable from lexical/grammar roots"	"Allomorphs"	"rel"	"MoForm"	"seq"	"name-referenced"
"MoAlloAdhocProhib"	"MoAdhocProhib"	"false"	"in"	"domain-reachable from lexical/grammar roots"	"FirstAllomorph"	"rel"	"MoForm"	"atomic"	"name-referenced"
"MoAlloAdhocProhib"	"MoAdhocProhib"	"false"	"in"	"domain-reachable from lexical/grammar roots"	"RestOfAllos"	"rel"	"MoForm"	"seq"	"name-referenced"
"MoBinaryCompoundRule"	"MoCompoundRule"	"false"	"in"	"domain-reachable from lexical/grammar roots"	"LeftMsa"	"owning"	"MoStemMsa"	"atomic"	"name-referenced"
"MoBinaryCompoundRule"	"MoCompoundRule"	"false"	"in"	"domain-reachable from lexical/grammar roots"	"Linker"	"owning"	"MoAffixForm"	"atomic"	"no"
"MoBinaryCompoundRule"	"MoCompoundRule"	"false"	"in"	"domain-reachable from lexical/grammar roots"	"RightMsa"	"owning"	"MoStemMsa"	"atomic"	"name-referenced"
"MoCompoundRule"	"CmObject"	"true"	"in"	"domain-reachable from lexical/grammar roots"	"Description"	"basic"	"MultiString"	""	"no"
"MoCompoundRule"	"CmObject"	"true"	"in"	"domain-reachable from lexical/grammar roots"	"Disabled"	"basic"	"Boolean"	""	"name-referenced"
"MoCompoundRule"	"CmObject"	"true"	"in"	"domain-reachable from lexical/grammar roots"	"Name"	"basic"	"MultiUnicode"	""	"no"
"MoCompoundRule"	"CmObject"	"true"	"in"	"domain-reachable from lexical/grammar roots"	"Stratum"	"rel"	"MoStratum"	"atomic"	"no"
"MoCompoundRule"	"CmObject"	"true"	"in"	"domain-reachable from lexical/grammar roots"	"ToProdRestrict"	"rel"	"CmPossibility"	"col"	"name-referenced"
"MoCompoundRuleApp"	"MoDerivTrace"	"false"	"trace"	"derivation-trace: reachable only from WfiAnalysis (out of scope)"	"LeftForm"	"rel"	"MoStemAllomorph"	"atomic"	"n/a"
"MoCompoundRuleApp"	"MoDerivTrace"	"false"	"trace"	"derivation-trace: reachable only from WfiAnalysis (out of scope)"	"Linker"	"rel"	"MoAffixAllomorph"	"atomic"	"n/a"
"MoCompoundRuleApp"	"MoDerivTrace"	"false"	"trace"	"derivation-trace: reachable only from WfiAnalysis (out of scope)"	"RightForm"	"rel"	"MoStemAllomorph"	"atomic"	"n/a"
"MoCopyFromInput"	"MoRuleMapping"	"false"	"in"	"domain-reachable from lexical/grammar roots"	"Content"	"rel"	"PhContextOrVar"	"atomic"	"name-referenced"
"MoDeriv"	"CmObject"	"false"	"trace"	"derivation-trace: reachable only from WfiAnalysis (out of scope)"	"InflectionalFeats"	"owning"	"FsFeatStruc"	"atomic"	"n/a"
"MoDeriv"	"CmObject"	"false"	"trace"	"derivation-trace: reachable only from WfiAnalysis (out of scope)"	"StemForm"	"rel"	"MoStemAllomorph"	"atomic"	"n/a"
"MoDeriv"	"CmObject"	"false"	"trace"	"derivation-trace: reachable only from WfiAnalysis (out of scope)"	"StemMsa"	"rel"	"MoStemMsa"	"atomic"	"n/a"
"MoDeriv"	"CmObject"	"false"	"trace"	"derivation-trace: reachable only from WfiAnalysis (out of scope)"	"StratumApps"	"owning"	"MoStratumApp"	"seq"	"n/a"
"MoDerivAffApp"	"MoDerivTrace"	"false"	"trace"	"derivation-trace: reachable only from WfiAnalysis (out of scope)"	"AffixForm"	"rel"	"MoAffixAllomorph"	"atomic"	"n/a"
"MoDerivAffApp"	"MoDerivTrace"	"false"	"trace"	"derivation-trace: reachable only from WfiAnalysis (out of scope)"	"AffixMsa"	"rel"	"MoDerivAffMsa"	"atomic"	"n/a"
"MoDerivAffApp"	"MoDerivTrace"	"false"	"trace"	"derivation-trace: reachable only from WfiAnalysis (out of scope)"	"OutputMsa"	"owning"	"MoDerivStepMsa"	"atomic"	"n/a"
"MoDerivAffMsa"	"MoMorphSynAnalysis"	"false"	"in"	"domain-reachable from lexical/grammar roots"	"AffixCategory"	"rel"	"CmPossibility"	"atomic"	"no"
"MoDerivAffMsa"	"MoMorphSynAnalysis"	"false"	"in"	"domain-reachable from lexical/grammar roots"	"FromInflectionClass"	"rel"	"MoInflClass"	"atomic"	"name-referenced"
"MoDerivAffMsa"	"MoMorphSynAnalysis"	"false"	"in"	"domain-reachable from lexical/grammar roots"	"FromMsFeatures"	"owning"	"FsFeatStruc"	"atomic"	"name-referenced"
"MoDerivAffMsa"	"MoMorphSynAnalysis"	"false"	"in"	"domain-reachable from lexical/grammar roots"	"FromPartOfSpeech"	"rel"	"PartOfSpeech"	"atomic"	"name-referenced"
"MoDerivAffMsa"	"MoMorphSynAnalysis"	"false"	"in"	"domain-reachable from lexical/grammar roots"	"FromProdRestrict"	"rel"	"CmPossibility"	"col"	"name-referenced"
"MoDerivAffMsa"	"MoMorphSynAnalysis"	"false"	"in"	"domain-reachable from lexical/grammar roots"	"FromStemName"	"rel"	"MoStemName"	"atomic"	"name-referenced"
"MoDerivAffMsa"	"MoMorphSynAnalysis"	"false"	"in"	"domain-reachable from lexical/grammar roots"	"Stratum"	"rel"	"MoStratum"	"atomic"	"no"
"MoDerivAffMsa"	"MoMorphSynAnalysis"	"false"	"in"	"domain-reachable from lexical/grammar roots"	"ToInflectionClass"	"rel"	"MoInflClass"	"atomic"	"name-referenced"
"MoDerivAffMsa"	"MoMorphSynAnalysis"	"false"	"in"	"domain-reachable from lexical/grammar roots"	"ToMsFeatures"	"owning"	"FsFeatStruc"	"atomic"	"name-referenced"
"MoDerivAffMsa"	"MoMorphSynAnalysis"	"false"	"in"	"domain-reachable from lexical/grammar roots"	"ToPartOfSpeech"	"rel"	"PartOfSpeech"	"atomic"	"name-referenced"
"MoDerivAffMsa"	"MoMorphSynAnalysis"	"false"	"in"	"domain-reachable from lexical/grammar roots"	"ToProdRestrict"	"rel"	"CmPossibility"	"col"	"name-referenced"
"MoDerivStepMsa"	"MoMorphSynAnalysis"	"false"	"trace"	"derivation-trace: reachable only from WfiAnalysis (out of scope)"	"InflectionClass"	"rel"	"MoInflClass"	"atomic"	"n/a"
"MoDerivStepMsa"	"MoMorphSynAnalysis"	"false"	"trace"	"derivation-trace: reachable only from WfiAnalysis (out of scope)"	"InflFeats"	"owning"	"FsFeatStruc"	"atomic"	"n/a"
"MoDerivStepMsa"	"MoMorphSynAnalysis"	"false"	"trace"	"derivation-trace: reachable only from WfiAnalysis (out of scope)"	"MsFeatures"	"owning"	"FsFeatStruc"	"atomic"	"n/a"
"MoDerivStepMsa"	"MoMorphSynAnalysis"	"false"	"trace"	"derivation-trace: reachable only from WfiAnalysis (out of scope)"	"PartOfSpeech"	"rel"	"PartOfSpeech"	"atomic"	"n/a"
"MoDerivStepMsa"	"MoMorphSynAnalysis"	"false"	"trace"	"derivation-trace: reachable only from WfiAnalysis (out of scope)"	"ProdRestrict"	"rel"	"CmPossibility"	"col"	"n/a"
"MoDerivTrace"	"CmObject"	"true"	"trace"	"derivation-trace: reachable only from WfiAnalysis (out of scope)"	"OutputForm"	"basic"	"MultiUnicode"	""	"n/a"
"MoEndoCompound"	"MoBinaryCompoundRule"	"false"	"in"	"domain-reachable from lexical/grammar roots"	"HeadLast"	"basic"	"Boolean"	""	"name-referenced"
"MoEndoCompound"	"MoBinaryCompoundRule"	"false"	"in"	"domain-reachable from lexical/grammar roots"	"OverridingMsa"	"owning"	"MoStemMsa"	"atomic"	"name-referenced"
"MoExoCompound"	"MoBinaryCompoundRule"	"false"	"in"	"domain-reachable from lexical/grammar roots"	"ToMsa"	"owning"	"MoStemMsa"	"atomic"	"name-referenced"
"MoForm"	"CmObject"	"true"	"in"	"domain-reachable from lexical/grammar roots"	"Form"	"basic"	"MultiUnicode"	""	"name-referenced"
"MoForm"	"CmObject"	"true"	"in"	"domain-reachable from lexical/grammar roots"	"IsAbstract"	"basic"	"Boolean"	""	"name-referenced"
"MoForm"	"CmObject"	"true"	"in"	"domain-reachable from lexical/grammar roots"	"LiftResidue"	"basic"	"Unicode"	""	"no"
"MoForm"	"CmObject"	"true"	"in"	"domain-reachable from lexical/grammar roots"	"MorphType"	"rel"	"MoMorphType"	"atomic"	"name-referenced"
"MoGlossItem"	"CmObject"	"false"	"in"	"domain-reachable from lexical/grammar roots"	"Abbreviation"	"basic"	"MultiUnicode"	""	"name-referenced"
"MoGlossItem"	"CmObject"	"false"	"in"	"domain-reachable from lexical/grammar roots"	"AfterSeparator"	"basic"	"Unicode"	""	"no"
"MoGlossItem"	"CmObject"	"false"	"in"	"domain-reachable from lexical/grammar roots"	"ComplexNameFirst"	"basic"	"Boolean"	""	"no"
"MoGlossItem"	"CmObject"	"false"	"in"	"domain-reachable from lexical/grammar roots"	"ComplexNameSeparator"	"basic"	"Unicode"	""	"no"
"MoGlossItem"	"CmObject"	"false"	"in"	"domain-reachable from lexical/grammar roots"	"EticID"	"basic"	"Unicode"	""	"no"
"MoGlossItem"	"CmObject"	"false"	"in"	"domain-reachable from lexical/grammar roots"	"FeatStructFrag"	"owning"	"FsFeatStruc"	"atomic"	"no"
"MoGlossItem"	"CmObject"	"false"	"in"	"domain-reachable from lexical/grammar roots"	"GlossItems"	"owning"	"MoGlossItem"	"seq"	"no"
"MoGlossItem"	"CmObject"	"false"	"in"	"domain-reachable from lexical/grammar roots"	"Name"	"basic"	"MultiUnicode"	""	"no"
"MoGlossItem"	"CmObject"	"false"	"in"	"domain-reachable from lexical/grammar roots"	"Status"	"basic"	"Boolean"	""	"no"
"MoGlossItem"	"CmObject"	"false"	"in"	"domain-reachable from lexical/grammar roots"	"Target"	"rel"	"MoGlossItem"	"atomic"	"no"
"MoGlossItem"	"CmObject"	"false"	"in"	"domain-reachable from lexical/grammar roots"	"Type"	"basic"	"Integer"	""	"no"
"MoGlossSystem"	"CmObject"	"false"	"in"	"domain-reachable from lexical/grammar roots"	"Glosses"	"owning"	"MoGlossItem"	"col"	"no"
"MoInflAffixSlot"	"CmObject"	"false"	"in"	"domain-reachable from lexical/grammar roots"	"Description"	"basic"	"MultiString"	""	"no"
"MoInflAffixSlot"	"CmObject"	"false"	"in"	"domain-reachable from lexical/grammar roots"	"Name"	"basic"	"MultiUnicode"	""	"no"
"MoInflAffixSlot"	"CmObject"	"false"	"in"	"domain-reachable from lexical/grammar roots"	"Optional"	"basic"	"Boolean"	""	"name-referenced"
"MoInflAffixSlotApp"	"MoDerivTrace"	"false"	"trace"	"derivation-trace: reachable only from WfiAnalysis (out of scope)"	"AffixForm"	"rel"	"MoAffixForm"	"atomic"	"n/a"
"MoInflAffixSlotApp"	"MoDerivTrace"	"false"	"trace"	"derivation-trace: reachable only from WfiAnalysis (out of scope)"	"AffixMsa"	"rel"	"MoInflAffMsa"	"atomic"	"n/a"
"MoInflAffixSlotApp"	"MoDerivTrace"	"false"	"trace"	"derivation-trace: reachable only from WfiAnalysis (out of scope)"	"Slot"	"rel"	"MoInflAffixSlot"	"atomic"	"n/a"
"MoInflAffixTemplate"	"CmObject"	"false"	"in"	"domain-reachable from lexical/grammar roots"	"Description"	"basic"	"MultiString"	""	"no"
"MoInflAffixTemplate"	"CmObject"	"false"	"in"	"domain-reachable from lexical/grammar roots"	"Disabled"	"basic"	"Boolean"	""	"name-referenced"
"MoInflAffixTemplate"	"CmObject"	"false"	"in"	"domain-reachable from lexical/grammar roots"	"EncliticSlots"	"rel"	"MoInflAffixSlot"	"seq"	"no"
"MoInflAffixTemplate"	"CmObject"	"false"	"in"	"domain-reachable from lexical/grammar roots"	"Final"	"basic"	"Boolean"	""	"name-referenced"
"MoInflAffixTemplate"	"CmObject"	"false"	"in"	"domain-reachable from lexical/grammar roots"	"Name"	"basic"	"MultiUnicode"	""	"no"
"MoInflAffixTemplate"	"CmObject"	"false"	"in"	"domain-reachable from lexical/grammar roots"	"PrefixSlots"	"rel"	"MoInflAffixSlot"	"seq"	"name-referenced"
"MoInflAffixTemplate"	"CmObject"	"false"	"in"	"domain-reachable from lexical/grammar roots"	"ProcliticSlots"	"rel"	"MoInflAffixSlot"	"seq"	"no"
"MoInflAffixTemplate"	"CmObject"	"false"	"in"	"domain-reachable from lexical/grammar roots"	"Region"	"owning"	"FsFeatStruc"	"atomic"	"no"
"MoInflAffixTemplate"	"CmObject"	"false"	"in"	"domain-reachable from lexical/grammar roots"	"Slots"	"rel"	"MoInflAffixSlot"	"seq"	"name-referenced"
"MoInflAffixTemplate"	"CmObject"	"false"	"in"	"domain-reachable from lexical/grammar roots"	"Stratum"	"rel"	"MoStratum"	"atomic"	"no"
"MoInflAffixTemplate"	"CmObject"	"false"	"in"	"domain-reachable from lexical/grammar roots"	"SuffixSlots"	"rel"	"MoInflAffixSlot"	"seq"	"name-referenced"
"MoInflAffMsa"	"MoMorphSynAnalysis"	"false"	"in"	"domain-reachable from lexical/grammar roots"	"AffixCategory"	"rel"	"CmPossibility"	"atomic"	"no"
"MoInflAffMsa"	"MoMorphSynAnalysis"	"false"	"in"	"domain-reachable from lexical/grammar roots"	"FromProdRestrict"	"rel"	"CmPossibility"	"col"	"name-referenced"
"MoInflAffMsa"	"MoMorphSynAnalysis"	"false"	"in"	"domain-reachable from lexical/grammar roots"	"InflFeats"	"owning"	"FsFeatStruc"	"atomic"	"name-referenced"
"MoInflAffMsa"	"MoMorphSynAnalysis"	"false"	"in"	"domain-reachable from lexical/grammar roots"	"PartOfSpeech"	"rel"	"PartOfSpeech"	"atomic"	"name-referenced"
"MoInflAffMsa"	"MoMorphSynAnalysis"	"false"	"in"	"domain-reachable from lexical/grammar roots"	"Slots"	"rel"	"MoInflAffixSlot"	"col"	"name-referenced"
"MoInflClass"	"CmObject"	"false"	"in"	"domain-reachable from lexical/grammar roots"	"Abbreviation"	"basic"	"MultiUnicode"	""	"name-referenced"
"MoInflClass"	"CmObject"	"false"	"in"	"domain-reachable from lexical/grammar roots"	"Description"	"basic"	"MultiString"	""	"no"
"MoInflClass"	"CmObject"	"false"	"in"	"domain-reachable from lexical/grammar roots"	"Name"	"basic"	"MultiUnicode"	""	"no"
"MoInflClass"	"CmObject"	"false"	"in"	"domain-reachable from lexical/grammar roots"	"ReferenceForms"	"owning"	"FsFeatStruc"	"col"	"no"
"MoInflClass"	"CmObject"	"false"	"in"	"domain-reachable from lexical/grammar roots"	"RulesOfReferral"	"owning"	"MoReferralRule"	"seq"	"no"
"MoInflClass"	"CmObject"	"false"	"in"	"domain-reachable from lexical/grammar roots"	"StemNames"	"owning"	"MoStemName"	"col"	"name-referenced"
"MoInflClass"	"CmObject"	"false"	"in"	"domain-reachable from lexical/grammar roots"	"Subclasses"	"owning"	"MoInflClass"	"col"	"name-referenced"
"MoInflTemplateApp"	"MoDerivTrace"	"false"	"trace"	"derivation-trace: reachable only from WfiAnalysis (out of scope)"	"SlotApps"	"owning"	"MoInflAffixSlotApp"	"seq"	"n/a"
"MoInflTemplateApp"	"MoDerivTrace"	"false"	"trace"	"derivation-trace: reachable only from WfiAnalysis (out of scope)"	"Template"	"rel"	"MoInflAffixTemplate"	"atomic"	"n/a"
"MoInsertNC"	"MoRuleMapping"	"false"	"in"	"domain-reachable from lexical/grammar roots"	"Content"	"rel"	"PhNaturalClass"	"atomic"	"name-referenced"
"MoInsertPhones"	"MoRuleMapping"	"false"	"in"	"domain-reachable from lexical/grammar roots"	"Content"	"rel"	"PhTerminalUnit"	"seq"	"name-referenced"
"MoModifyFromInput"	"MoRuleMapping"	"false"	"in"	"domain-reachable from lexical/grammar roots"	"Content"	"rel"	"PhContextOrVar"	"atomic"	"name-referenced"
"MoModifyFromInput"	"MoRuleMapping"	"false"	"in"	"domain-reachable from lexical/grammar roots"	"Modification"	"rel"	"PhNCFeatures"	"atomic"	"name-referenced"
"MoMorphAdhocProhib"	"MoAdhocProhib"	"false"	"in"	"domain-reachable from lexical/grammar roots"	"FirstMorpheme"	"rel"	"MoMorphSynAnalysis"	"atomic"	"name-referenced"
"MoMorphAdhocProhib"	"MoAdhocProhib"	"false"	"in"	"domain-reachable from lexical/grammar roots"	"Morphemes"	"rel"	"MoMorphSynAnalysis"	"seq"	"no"
"MoMorphAdhocProhib"	"MoAdhocProhib"	"false"	"in"	"domain-reachable from lexical/grammar roots"	"RestOfMorphs"	"rel"	"MoMorphSynAnalysis"	"seq"	"name-referenced"
"MoMorphData"	"CmObject"	"false"	"in"	"domain-reachable from lexical/grammar roots"	"AdhocCoProhibitions"	"owning"	"MoAdhocProhib"	"col"	"no"
"MoMorphData"	"CmObject"	"false"	"in"	"domain-reachable from lexical/grammar roots"	"AnalyzingAgents"	"rel"	"CmAgent"	"col"	"no"
"MoMorphData"	"CmObject"	"false"	"in"	"domain-reachable from lexical/grammar roots"	"CompoundRules"	"owning"	"MoCompoundRule"	"seq"	"name-referenced"
"MoMorphData"	"CmObject"	"false"	"in"	"domain-reachable from lexical/grammar roots"	"GlossSystem"	"owning"	"MoGlossSystem"	"atomic"	"no"
"MoMorphData"	"CmObject"	"false"	"in"	"domain-reachable from lexical/grammar roots"	"ParserParameters"	"basic"	"Unicode"	""	"name-referenced"
"MoMorphData"	"CmObject"	"false"	"in"	"domain-reachable from lexical/grammar roots"	"ProdRestrict"	"owning"	"CmPossibilityList"	"atomic"	"name-referenced"
"MoMorphData"	"CmObject"	"false"	"in"	"domain-reachable from lexical/grammar roots"	"Strata"	"owning"	"MoStratum"	"seq"	"name-referenced"
"MoMorphData"	"CmObject"	"false"	"in"	"domain-reachable from lexical/grammar roots"	"TestSets"	"owning"	"WfiWordSet"	"col"	"no"
"MoMorphSynAnalysis"	"CmObject"	"true"	"in"	"domain-reachable from lexical/grammar roots"	"Components"	"rel"	"MoMorphSynAnalysis"	"seq"	"no"
"MoMorphSynAnalysis"	"CmObject"	"true"	"in"	"domain-reachable from lexical/grammar roots"	"GlossBundle"	"rel"	"MoGlossItem"	"seq"	"no"
"MoMorphSynAnalysis"	"CmObject"	"true"	"in"	"domain-reachable from lexical/grammar roots"	"GlossString"	"basic"	"Unicode"	""	"no"
"MoMorphSynAnalysis"	"CmObject"	"true"	"in"	"domain-reachable from lexical/grammar roots"	"LiftResidue"	"basic"	"Unicode"	""	"no"
"MoMorphType"	"CmPossibility"	"false"	"in"	"domain-reachable from lexical/grammar roots"	"Postfix"	"basic"	"Unicode"	""	"no"
"MoMorphType"	"CmPossibility"	"false"	"in"	"domain-reachable from lexical/grammar roots"	"Prefix"	"basic"	"Unicode"	""	"name-referenced"
"MoMorphType"	"CmPossibility"	"false"	"in"	"domain-reachable from lexical/grammar roots"	"SecondaryOrder"	"basic"	"Integer"	""	"no"
"MoPhonolRuleApp"	"MoDerivTrace"	"false"	"trace"	"derivation-trace: reachable only from WfiAnalysis (out of scope)"	"Rule"	"rel"	"CmObject"	"atomic"	"n/a"
"MoPhonolRuleApp"	"MoDerivTrace"	"false"	"trace"	"derivation-trace: reachable only from WfiAnalysis (out of scope)"	"VacuousApp"	"basic"	"Boolean"	""	"n/a"
"MoReferralRule"	"CmObject"	"false"	"in"	"domain-reachable from lexical/grammar roots"	"Description"	"basic"	"MultiString"	""	"no"
"MoReferralRule"	"CmObject"	"false"	"in"	"domain-reachable from lexical/grammar roots"	"Input"	"owning"	"FsFeatStruc"	"atomic"	"name-referenced"
"MoReferralRule"	"CmObject"	"false"	"in"	"domain-reachable from lexical/grammar roots"	"Name"	"basic"	"MultiUnicode"	""	"no"
"MoReferralRule"	"CmObject"	"false"	"in"	"domain-reachable from lexical/grammar roots"	"Output"	"owning"	"FsFeatStruc"	"atomic"	"name-referenced"
"MoStemAllomorph"	"MoForm"	"false"	"in"	"domain-reachable from lexical/grammar roots"	"PhoneEnv"	"rel"	"PhEnvironment"	"col"	"name-referenced"
"MoStemAllomorph"	"MoForm"	"false"	"in"	"domain-reachable from lexical/grammar roots"	"StemName"	"rel"	"MoStemName"	"atomic"	"name-referenced"
"MoStemMsa"	"MoMorphSynAnalysis"	"false"	"in"	"domain-reachable from lexical/grammar roots"	"FromPartsOfSpeech"	"rel"	"PartOfSpeech"	"col"	"name-referenced"
"MoStemMsa"	"MoMorphSynAnalysis"	"false"	"in"	"domain-reachable from lexical/grammar roots"	"InflectionClass"	"rel"	"MoInflClass"	"atomic"	"name-referenced"
"MoStemMsa"	"MoMorphSynAnalysis"	"false"	"in"	"domain-reachable from lexical/grammar roots"	"MsFeatures"	"owning"	"FsFeatStruc"	"atomic"	"name-referenced"
"MoStemMsa"	"MoMorphSynAnalysis"	"false"	"in"	"domain-reachable from lexical/grammar roots"	"PartOfSpeech"	"rel"	"PartOfSpeech"	"atomic"	"name-referenced"
"MoStemMsa"	"MoMorphSynAnalysis"	"false"	"in"	"domain-reachable from lexical/grammar roots"	"ProdRestrict"	"rel"	"CmPossibility"	"col"	"name-referenced"
"MoStemMsa"	"MoMorphSynAnalysis"	"false"	"in"	"domain-reachable from lexical/grammar roots"	"Slots"	"rel"	"MoInflAffixSlot"	"col"	"name-referenced"
"MoStemMsa"	"MoMorphSynAnalysis"	"false"	"in"	"domain-reachable from lexical/grammar roots"	"Stratum"	"rel"	"MoStratum"	"atomic"	"no"
"MoStemName"	"CmObject"	"false"	"in"	"domain-reachable from lexical/grammar roots"	"Abbreviation"	"basic"	"MultiUnicode"	""	"name-referenced"
"MoStemName"	"CmObject"	"false"	"in"	"domain-reachable from lexical/grammar roots"	"DefaultAffix"	"rel"	"MoInflAffMsa"	"atomic"	"no"
"MoStemName"	"CmObject"	"false"	"in"	"domain-reachable from lexical/grammar roots"	"DefaultStem"	"rel"	"MoStemName"	"atomic"	"no"
"MoStemName"	"CmObject"	"false"	"in"	"domain-reachable from lexical/grammar roots"	"Description"	"basic"	"MultiString"	""	"no"
"MoStemName"	"CmObject"	"false"	"in"	"domain-reachable from lexical/grammar roots"	"Name"	"basic"	"MultiUnicode"	""	"no"
"MoStemName"	"CmObject"	"false"	"in"	"domain-reachable from lexical/grammar roots"	"Regions"	"owning"	"FsFeatStruc"	"col"	"name-referenced"
"MoStratum"	"CmObject"	"false"	"in"	"domain-reachable from lexical/grammar roots"	"Abbreviation"	"basic"	"MultiUnicode"	""	"name-referenced"
"MoStratum"	"CmObject"	"false"	"in"	"domain-reachable from lexical/grammar roots"	"Description"	"basic"	"MultiString"	""	"no"
"MoStratum"	"CmObject"	"false"	"in"	"domain-reachable from lexical/grammar roots"	"Name"	"basic"	"MultiUnicode"	""	"no"
"MoStratum"	"CmObject"	"false"	"in"	"domain-reachable from lexical/grammar roots"	"Phonemes"	"rel"	"PhPhonemeSet"	"atomic"	"name-referenced"
"MoStratumApp"	"MoDerivTrace"	"false"	"trace"	"derivation-trace: reachable only from WfiAnalysis (out of scope)"	"CompoundRuleApps"	"owning"	"MoCompoundRuleApp"	"seq"	"n/a"
"MoStratumApp"	"MoDerivTrace"	"false"	"trace"	"derivation-trace: reachable only from WfiAnalysis (out of scope)"	"DerivAffApp"	"owning"	"MoDerivAffApp"	"seq"	"n/a"
"MoStratumApp"	"MoDerivTrace"	"false"	"trace"	"derivation-trace: reachable only from WfiAnalysis (out of scope)"	"PRuleApps"	"owning"	"MoPhonolRuleApp"	"seq"	"n/a"
"MoStratumApp"	"MoDerivTrace"	"false"	"trace"	"derivation-trace: reachable only from WfiAnalysis (out of scope)"	"Stratum"	"rel"	"MoStratum"	"atomic"	"n/a"
"MoStratumApp"	"MoDerivTrace"	"false"	"trace"	"derivation-trace: reachable only from WfiAnalysis (out of scope)"	"TemplateApp"	"owning"	"MoInflTemplateApp"	"atomic"	"n/a"
"MoUnclassifiedAffixMsa"	"MoMorphSynAnalysis"	"false"	"in"	"domain-reachable from lexical/grammar roots"	"PartOfSpeech"	"rel"	"PartOfSpeech"	"atomic"	"name-referenced"
"Note"	"CmObject"	"false"	"out"	"not-domain-reachable"	"Content"	"basic"	"MultiString"	""	"n/a"
"PartOfSpeech"	"CmPossibility"	"false"	"in"	"domain-reachable from lexical/grammar roots"	"AffixSlots"	"owning"	"MoInflAffixSlot"	"col"	"no"
"PartOfSpeech"	"CmPossibility"	"false"	"in"	"domain-reachable from lexical/grammar roots"	"AffixTemplates"	"owning"	"MoInflAffixTemplate"	"seq"	"name-referenced"
"PartOfSpeech"	"CmPossibility"	"false"	"in"	"domain-reachable from lexical/grammar roots"	"BearableFeatures"	"rel"	"FsFeatDefn"	"col"	"no"
"PartOfSpeech"	"CmPossibility"	"false"	"in"	"domain-reachable from lexical/grammar roots"	"CatalogSourceId"	"basic"	"Unicode"	""	"no"
"PartOfSpeech"	"CmPossibility"	"false"	"in"	"domain-reachable from lexical/grammar roots"	"DefaultFeatures"	"owning"	"FsFeatStruc"	"atomic"	"no"
"PartOfSpeech"	"CmPossibility"	"false"	"in"	"domain-reachable from lexical/grammar roots"	"DefaultInflectionClass"	"rel"	"MoInflClass"	"atomic"	"name-referenced"
"PartOfSpeech"	"CmPossibility"	"false"	"in"	"domain-reachable from lexical/grammar roots"	"EmptyParadigmCells"	"owning"	"FsFeatStruc"	"col"	"no"
"PartOfSpeech"	"CmPossibility"	"false"	"in"	"domain-reachable from lexical/grammar roots"	"InflectableFeats"	"rel"	"FsFeatDefn"	"col"	"no"
"PartOfSpeech"	"CmPossibility"	"false"	"in"	"domain-reachable from lexical/grammar roots"	"InflectionClasses"	"owning"	"MoInflClass"	"col"	"name-referenced"
"PartOfSpeech"	"CmPossibility"	"false"	"in"	"domain-reachable from lexical/grammar roots"	"InherFeatVal"	"owning"	"FsFeatStruc"	"atomic"	"no"
"PartOfSpeech"	"CmPossibility"	"false"	"in"	"domain-reachable from lexical/grammar roots"	"ReferenceForms"	"owning"	"FsFeatStruc"	"col"	"no"
"PartOfSpeech"	"CmPossibility"	"false"	"in"	"domain-reachable from lexical/grammar roots"	"RulesOfReferral"	"owning"	"MoReferralRule"	"seq"	"no"
"PartOfSpeech"	"CmPossibility"	"false"	"in"	"domain-reachable from lexical/grammar roots"	"StemNames"	"owning"	"MoStemName"	"col"	"name-referenced"
"PhCode"	"CmObject"	"false"	"in"	"domain-reachable from lexical/grammar roots"	"Representation"	"basic"	"MultiUnicode"	""	"name-referenced"
"PhEnvironment"	"CmObject"	"false"	"in"	"domain-reachable from lexical/grammar roots"	"AMPLEStringSegment"	"basic"	"Unicode"	""	"no"
"PhEnvironment"	"CmObject"	"false"	"in"	"domain-reachable from lexical/grammar roots"	"Description"	"basic"	"MultiString"	""	"no"
"PhEnvironment"	"CmObject"	"false"	"in"	"domain-reachable from lexical/grammar roots"	"LeftContext"	"rel"	"PhPhonContext"	"atomic"	"name-referenced"
"PhEnvironment"	"CmObject"	"false"	"in"	"domain-reachable from lexical/grammar roots"	"Name"	"basic"	"MultiUnicode"	""	"no"
"PhEnvironment"	"CmObject"	"false"	"in"	"domain-reachable from lexical/grammar roots"	"RightContext"	"rel"	"PhPhonContext"	"atomic"	"name-referenced"
"PhEnvironment"	"CmObject"	"false"	"in"	"domain-reachable from lexical/grammar roots"	"StringRepresentation"	"basic"	"String"	""	"name-referenced"
"PhFeatureConstraint"	"CmObject"	"false"	"in"	"domain-reachable from lexical/grammar roots"	"Feature"	"rel"	"FsFeatDefn"	"atomic"	"name-referenced"
"PhIterationContext"	"PhPhonContext"	"false"	"in"	"domain-reachable from lexical/grammar roots"	"Maximum"	"basic"	"Integer"	""	"name-referenced"
"PhIterationContext"	"PhPhonContext"	"false"	"in"	"domain-reachable from lexical/grammar roots"	"Member"	"rel"	"PhPhonContext"	"atomic"	"name-referenced"
"PhIterationContext"	"PhPhonContext"	"false"	"in"	"domain-reachable from lexical/grammar roots"	"Minimum"	"basic"	"Integer"	""	"name-referenced"
"PhMetathesisRule"	"PhSegmentRule"	"false"	"in"	"domain-reachable from lexical/grammar roots"	"StrucChange"	"basic"	"String"	""	"name-referenced"
"PhNaturalClass"	"CmObject"	"true"	"in"	"domain-reachable from lexical/grammar roots"	"Abbreviation"	"basic"	"MultiUnicode"	""	"name-referenced"
"PhNaturalClass"	"CmObject"	"true"	"in"	"domain-reachable from lexical/grammar roots"	"Description"	"basic"	"MultiString"	""	"no"
"PhNaturalClass"	"CmObject"	"true"	"in"	"domain-reachable from lexical/grammar roots"	"Name"	"basic"	"MultiUnicode"	""	"no"
"PhNCFeatures"	"PhNaturalClass"	"false"	"in"	"domain-reachable from lexical/grammar roots"	"Features"	"owning"	"FsFeatStruc"	"atomic"	"name-referenced"
"PhNCSegments"	"PhNaturalClass"	"false"	"in"	"domain-reachable from lexical/grammar roots"	"Segments"	"rel"	"PhPhoneme"	"col"	"name-referenced"
"PhPhonContext"	"PhContextOrVar"	"true"	"in"	"domain-reachable from lexical/grammar roots"	"Description"	"owning"	"StText"	"atomic"	"no"
"PhPhonContext"	"PhContextOrVar"	"true"	"in"	"domain-reachable from lexical/grammar roots"	"Name"	"basic"	"MultiUnicode"	""	"no"
"PhPhonData"	"CmObject"	"false"	"in"	"domain-reachable from lexical/grammar roots"	"Contexts"	"owning"	"PhContextOrVar"	"seq"	"no"
"PhPhonData"	"CmObject"	"false"	"in"	"domain-reachable from lexical/grammar roots"	"Environments"	"owning"	"PhEnvironment"	"seq"	"name-referenced"
"PhPhonData"	"CmObject"	"false"	"in"	"domain-reachable from lexical/grammar roots"	"FeatConstraints"	"owning"	"PhFeatureConstraint"	"seq"	"no"
"PhPhonData"	"CmObject"	"false"	"in"	"domain-reachable from lexical/grammar roots"	"NaturalClasses"	"owning"	"PhNaturalClass"	"seq"	"name-referenced"
"PhPhonData"	"CmObject"	"false"	"in"	"domain-reachable from lexical/grammar roots"	"PhonemeSets"	"owning"	"PhPhonemeSet"	"seq"	"name-referenced"
"PhPhonData"	"CmObject"	"false"	"in"	"domain-reachable from lexical/grammar roots"	"PhonRuleFeats"	"owning"	"CmPossibilityList"	"atomic"	"no"
"PhPhonData"	"CmObject"	"false"	"in"	"domain-reachable from lexical/grammar roots"	"PhonRules"	"owning"	"PhSegmentRule"	"seq"	"name-referenced"
"PhPhoneme"	"PhTerminalUnit"	"false"	"in"	"domain-reachable from lexical/grammar roots"	"BasicIPASymbol"	"basic"	"String"	""	"no"
"PhPhoneme"	"PhTerminalUnit"	"false"	"in"	"domain-reachable from lexical/grammar roots"	"Features"	"owning"	"FsFeatStruc"	"atomic"	"name-referenced"
"PhPhonemeSet"	"CmObject"	"false"	"in"	"domain-reachable from lexical/grammar roots"	"BoundaryMarkers"	"owning"	"PhBdryMarker"	"col"	"name-referenced"
"PhPhonemeSet"	"CmObject"	"false"	"in"	"domain-reachable from lexical/grammar roots"	"Description"	"basic"	"MultiString"	""	"no"
"PhPhonemeSet"	"CmObject"	"false"	"in"	"domain-reachable from lexical/grammar roots"	"Name"	"basic"	"MultiUnicode"	""	"no"
"PhPhonemeSet"	"CmObject"	"false"	"in"	"domain-reachable from lexical/grammar roots"	"Phonemes"	"owning"	"PhPhoneme"	"col"	"name-referenced"
"PhPhonRuleFeat"	"CmPossibility"	"false"	"in"	"domain-reachable from lexical/grammar roots"	"Item"	"rel"	"CmObject"	"atomic"	"no"
"PhRegularRule"	"PhSegmentRule"	"false"	"in"	"domain-reachable from lexical/grammar roots"	"RightHandSides"	"owning"	"PhSegRuleRHS"	"seq"	"name-referenced"
"PhSegmentRule"	"CmObject"	"false"	"in"	"domain-reachable from lexical/grammar roots"	"Description"	"basic"	"MultiString"	""	"no"
"PhSegmentRule"	"CmObject"	"false"	"in"	"domain-reachable from lexical/grammar roots"	"Direction"	"basic"	"Integer"	""	"name-referenced"
"PhSegmentRule"	"CmObject"	"false"	"in"	"domain-reachable from lexical/grammar roots"	"Disabled"	"basic"	"Boolean"	""	"name-referenced"
"PhSegmentRule"	"CmObject"	"false"	"in"	"domain-reachable from lexical/grammar roots"	"FinalStratum"	"rel"	"MoStratum"	"atomic"	"no"
"PhSegmentRule"	"CmObject"	"false"	"in"	"domain-reachable from lexical/grammar roots"	"InitialStratum"	"rel"	"MoStratum"	"atomic"	"no"
"PhSegmentRule"	"CmObject"	"false"	"in"	"domain-reachable from lexical/grammar roots"	"Name"	"basic"	"MultiUnicode"	""	"no"
"PhSegmentRule"	"CmObject"	"false"	"in"	"domain-reachable from lexical/grammar roots"	"StrucDesc"	"owning"	"PhSimpleContext"	"seq"	"name-referenced"
"PhSegRuleRHS"	"CmObject"	"false"	"in"	"domain-reachable from lexical/grammar roots"	"ExclRuleFeats"	"rel"	"PhPhonRuleFeat"	"col"	"name-referenced"
"PhSegRuleRHS"	"CmObject"	"false"	"in"	"domain-reachable from lexical/grammar roots"	"InputPOSes"	"rel"	"PartOfSpeech"	"col"	"name-referenced"
"PhSegRuleRHS"	"CmObject"	"false"	"in"	"domain-reachable from lexical/grammar roots"	"LeftContext"	"owning"	"PhPhonContext"	"atomic"	"name-referenced"
"PhSegRuleRHS"	"CmObject"	"false"	"in"	"domain-reachable from lexical/grammar roots"	"ReqRuleFeats"	"rel"	"PhPhonRuleFeat"	"col"	"name-referenced"
"PhSegRuleRHS"	"CmObject"	"false"	"in"	"domain-reachable from lexical/grammar roots"	"RightContext"	"owning"	"PhPhonContext"	"atomic"	"name-referenced"
"PhSegRuleRHS"	"CmObject"	"false"	"in"	"domain-reachable from lexical/grammar roots"	"StrucChange"	"owning"	"PhSimpleContext"	"seq"	"name-referenced"
"PhSequenceContext"	"PhPhonContext"	"false"	"in"	"domain-reachable from lexical/grammar roots"	"Members"	"rel"	"PhPhonContext"	"seq"	"name-referenced"
"PhSimpleContextBdry"	"PhSimpleContext"	"false"	"in"	"domain-reachable from lexical/grammar roots"	"FeatureStructure"	"rel"	"PhBdryMarker"	"atomic"	"name-referenced"
"PhSimpleContextNC"	"PhSimpleContext"	"false"	"in"	"domain-reachable from lexical/grammar roots"	"FeatureStructure"	"rel"	"PhNaturalClass"	"atomic"	"name-referenced"
"PhSimpleContextNC"	"PhSimpleContext"	"false"	"in"	"domain-reachable from lexical/grammar roots"	"MinusConstr"	"rel"	"PhFeatureConstraint"	"seq"	"name-referenced"
"PhSimpleContextNC"	"PhSimpleContext"	"false"	"in"	"domain-reachable from lexical/grammar roots"	"PlusConstr"	"rel"	"PhFeatureConstraint"	"seq"	"name-referenced"
"PhSimpleContextSeg"	"PhSimpleContext"	"false"	"in"	"domain-reachable from lexical/grammar roots"	"FeatureStructure"	"rel"	"PhPhoneme"	"atomic"	"name-referenced"
"PhTerminalUnit"	"CmObject"	"true"	"in"	"domain-reachable from lexical/grammar roots"	"Codes"	"owning"	"PhCode"	"seq"	"name-referenced"
"PhTerminalUnit"	"CmObject"	"true"	"in"	"domain-reachable from lexical/grammar roots"	"Description"	"basic"	"MultiString"	""	"no"
"PhTerminalUnit"	"CmObject"	"true"	"in"	"domain-reachable from lexical/grammar roots"	"Name"	"basic"	"MultiUnicode"	""	"no"
"PubDivision"	"CmObject"	"false"	"out"	"not-domain-reachable"	"DifferentEvenHF"	"basic"	"Boolean"	""	"n/a"
"PubDivision"	"CmObject"	"false"	"out"	"not-domain-reachable"	"DifferentFirstHF"	"basic"	"Boolean"	""	"n/a"
"PubDivision"	"CmObject"	"false"	"out"	"not-domain-reachable"	"HFSet"	"owning"	"PubHFSet"	"atomic"	"n/a"
"PubDivision"	"CmObject"	"false"	"out"	"not-domain-reachable"	"NumColumns"	"basic"	"Integer"	""	"n/a"
"PubDivision"	"CmObject"	"false"	"out"	"not-domain-reachable"	"PageLayout"	"owning"	"PubPageLayout"	"atomic"	"n/a"
"PubDivision"	"CmObject"	"false"	"out"	"not-domain-reachable"	"StartAt"	"basic"	"Integer"	""	"n/a"
"PubHeader"	"CmObject"	"false"	"out"	"not-domain-reachable"	"CenteredText"	"basic"	"String"	""	"n/a"
"PubHeader"	"CmObject"	"false"	"out"	"not-domain-reachable"	"InsideAlignedText"	"basic"	"String"	""	"n/a"
"PubHeader"	"CmObject"	"false"	"out"	"not-domain-reachable"	"OutsideAlignedText"	"basic"	"String"	""	"n/a"
"PubHFSet"	"CmObject"	"false"	"out"	"not-domain-reachable"	"DefaultFooter"	"owning"	"PubHeader"	"atomic"	"n/a"
"PubHFSet"	"CmObject"	"false"	"out"	"not-domain-reachable"	"DefaultHeader"	"owning"	"PubHeader"	"atomic"	"n/a"
"PubHFSet"	"CmObject"	"false"	"out"	"not-domain-reachable"	"Description"	"basic"	"String"	""	"n/a"
"PubHFSet"	"CmObject"	"false"	"out"	"not-domain-reachable"	"EvenFooter"	"owning"	"PubHeader"	"atomic"	"n/a"
"PubHFSet"	"CmObject"	"false"	"out"	"not-domain-reachable"	"EvenHeader"	"owning"	"PubHeader"	"atomic"	"n/a"
"PubHFSet"	"CmObject"	"false"	"out"	"not-domain-reachable"	"FirstFooter"	"owning"	"PubHeader"	"atomic"	"n/a"
"PubHFSet"	"CmObject"	"false"	"out"	"not-domain-reachable"	"FirstHeader"	"owning"	"PubHeader"	"atomic"	"n/a"
"PubHFSet"	"CmObject"	"false"	"out"	"not-domain-reachable"	"Name"	"basic"	"Unicode"	""	"n/a"
"Publication"	"CmObject"	"false"	"out"	"not-domain-reachable"	"BaseFontSize"	"basic"	"Integer"	""	"n/a"
"Publication"	"CmObject"	"false"	"out"	"not-domain-reachable"	"BaseLineSpacing"	"basic"	"Integer"	""	"n/a"
"Publication"	"CmObject"	"false"	"out"	"not-domain-reachable"	"BindingEdge"	"basic"	"Integer"	""	"n/a"
"Publication"	"CmObject"	"false"	"out"	"not-domain-reachable"	"Description"	"basic"	"String"	""	"n/a"
"Publication"	"CmObject"	"false"	"out"	"not-domain-reachable"	"Divisions"	"owning"	"PubDivision"	"seq"	"n/a"
"Publication"	"CmObject"	"false"	"out"	"not-domain-reachable"	"FootnoteSepWidth"	"basic"	"Integer"	""	"n/a"
"Publication"	"CmObject"	"false"	"out"	"not-domain-reachable"	"GutterLoc"	"basic"	"Integer"	""	"n/a"
"Publication"	"CmObject"	"false"	"out"	"not-domain-reachable"	"GutterMargin"	"basic"	"Integer"	""	"n/a"
"Publication"	"CmObject"	"false"	"out"	"not-domain-reachable"	"IsLandscape"	"basic"	"Boolean"	""	"n/a"
"Publication"	"CmObject"	"false"	"out"	"not-domain-reachable"	"Name"	"basic"	"Unicode"	""	"n/a"
"Publication"	"CmObject"	"false"	"out"	"not-domain-reachable"	"PageHeight"	"basic"	"Integer"	""	"n/a"
"Publication"	"CmObject"	"false"	"out"	"not-domain-reachable"	"PageWidth"	"basic"	"Integer"	""	"n/a"
"Publication"	"CmObject"	"false"	"out"	"not-domain-reachable"	"PaperHeight"	"basic"	"Integer"	""	"n/a"
"Publication"	"CmObject"	"false"	"out"	"not-domain-reachable"	"PaperWidth"	"basic"	"Integer"	""	"n/a"
"Publication"	"CmObject"	"false"	"out"	"not-domain-reachable"	"SheetLayout"	"basic"	"Integer"	""	"n/a"
"Publication"	"CmObject"	"false"	"out"	"not-domain-reachable"	"SheetsPerSig"	"basic"	"Integer"	""	"n/a"
"PubPageLayout"	"CmObject"	"false"	"out"	"not-domain-reachable"	"Description"	"basic"	"String"	""	"n/a"
"PubPageLayout"	"CmObject"	"false"	"out"	"not-domain-reachable"	"IsBuiltIn"	"basic"	"Boolean"	""	"n/a"
"PubPageLayout"	"CmObject"	"false"	"out"	"not-domain-reachable"	"IsModified"	"basic"	"Boolean"	""	"n/a"
"PubPageLayout"	"CmObject"	"false"	"out"	"not-domain-reachable"	"MarginBottom"	"basic"	"Integer"	""	"n/a"
"PubPageLayout"	"CmObject"	"false"	"out"	"not-domain-reachable"	"MarginInside"	"basic"	"Integer"	""	"n/a"
"PubPageLayout"	"CmObject"	"false"	"out"	"not-domain-reachable"	"MarginOutside"	"basic"	"Integer"	""	"n/a"
"PubPageLayout"	"CmObject"	"false"	"out"	"not-domain-reachable"	"MarginTop"	"basic"	"Integer"	""	"n/a"
"PubPageLayout"	"CmObject"	"false"	"out"	"not-domain-reachable"	"Name"	"basic"	"Unicode"	""	"n/a"
"PubPageLayout"	"CmObject"	"false"	"out"	"not-domain-reachable"	"PosFooter"	"basic"	"Integer"	""	"n/a"
"PubPageLayout"	"CmObject"	"false"	"out"	"not-domain-reachable"	"PosHeader"	"basic"	"Integer"	""	"n/a"
"PunctuationForm"	"CmObject"	"false"	"out"	"not-domain-reachable"	"Form"	"basic"	"String"	""	"n/a"
"Reminder"	"CmObject"	"false"	"out"	"not-domain-reachable"	"Date"	"basic"	"GenDate"	""	"n/a"
"Reminder"	"CmObject"	"false"	"out"	"not-domain-reachable"	"Description"	"basic"	"String"	""	"n/a"
"ReversalIndex"	"CmMajorObject"	"false"	"in"	"domain-reachable from lexical/grammar roots"	"Entries"	"owning"	"ReversalIndexEntry"	"col"	"name-referenced"
"ReversalIndex"	"CmMajorObject"	"false"	"in"	"domain-reachable from lexical/grammar roots"	"PartsOfSpeech"	"owning"	"CmPossibilityList"	"atomic"	"no"
"ReversalIndex"	"CmMajorObject"	"false"	"in"	"domain-reachable from lexical/grammar roots"	"WritingSystem"	"basic"	"Unicode"	""	"no"
"ReversalIndexEntry"	"CmObject"	"false"	"in"	"domain-reachable from lexical/grammar roots"	"PartOfSpeech"	"rel"	"PartOfSpeech"	"atomic"	"name-referenced"
"ReversalIndexEntry"	"CmObject"	"false"	"in"	"domain-reachable from lexical/grammar roots"	"ReversalForm"	"basic"	"MultiUnicode"	""	"no"
"ReversalIndexEntry"	"CmObject"	"false"	"in"	"domain-reachable from lexical/grammar roots"	"Senses"	"rel"	"LexSense"	"seq"	"name-referenced"
"ReversalIndexEntry"	"CmObject"	"false"	"in"	"domain-reachable from lexical/grammar roots"	"Subentries"	"owning"	"ReversalIndexEntry"	"seq"	"no"
"RnGenericRec"	"CmObject"	"false"	"out"	"not-domain-reachable"	"AnthroCodes"	"rel"	"CmAnthroItem"	"col"	"n/a"
"RnGenericRec"	"CmObject"	"false"	"out"	"not-domain-reachable"	"Conclusions"	"owning"	"StText"	"atomic"	"n/a"
"RnGenericRec"	"CmObject"	"false"	"out"	"not-domain-reachable"	"Confidence"	"rel"	"CmPossibility"	"atomic"	"n/a"
"RnGenericRec"	"CmObject"	"false"	"out"	"not-domain-reachable"	"CounterEvidence"	"rel"	"RnGenericRec"	"seq"	"n/a"
"RnGenericRec"	"CmObject"	"false"	"out"	"not-domain-reachable"	"CrossReferences"	"rel"	"CrossReference"	"col"	"n/a"
"RnGenericRec"	"CmObject"	"false"	"out"	"not-domain-reachable"	"DateCreated"	"basic"	"Time"	""	"n/a"
"RnGenericRec"	"CmObject"	"false"	"out"	"not-domain-reachable"	"DateModified"	"basic"	"Time"	""	"n/a"
"RnGenericRec"	"CmObject"	"false"	"out"	"not-domain-reachable"	"DateOfEvent"	"basic"	"GenDate"	""	"n/a"
"RnGenericRec"	"CmObject"	"false"	"out"	"not-domain-reachable"	"Description"	"owning"	"StText"	"atomic"	"n/a"
"RnGenericRec"	"CmObject"	"false"	"out"	"not-domain-reachable"	"Discussion"	"owning"	"StText"	"atomic"	"n/a"
"RnGenericRec"	"CmObject"	"false"	"out"	"not-domain-reachable"	"ExternalMaterials"	"owning"	"StText"	"atomic"	"n/a"
"RnGenericRec"	"CmObject"	"false"	"out"	"not-domain-reachable"	"FurtherQuestions"	"owning"	"StText"	"atomic"	"n/a"
"RnGenericRec"	"CmObject"	"false"	"out"	"not-domain-reachable"	"Hypothesis"	"owning"	"StText"	"atomic"	"n/a"
"RnGenericRec"	"CmObject"	"false"	"out"	"not-domain-reachable"	"Locations"	"rel"	"CmLocation"	"col"	"n/a"
"RnGenericRec"	"CmObject"	"false"	"out"	"not-domain-reachable"	"Participants"	"owning"	"RnRoledPartic"	"col"	"n/a"
"RnGenericRec"	"CmObject"	"false"	"out"	"not-domain-reachable"	"PersonalNotes"	"owning"	"StText"	"atomic"	"n/a"
"RnGenericRec"	"CmObject"	"false"	"out"	"not-domain-reachable"	"PhraseTags"	"rel"	"CmPossibility"	"col"	"n/a"
"RnGenericRec"	"CmObject"	"false"	"out"	"not-domain-reachable"	"Reminders"	"rel"	"Reminder"	"col"	"n/a"
"RnGenericRec"	"CmObject"	"false"	"out"	"not-domain-reachable"	"Researchers"	"rel"	"CmPerson"	"col"	"n/a"
"RnGenericRec"	"CmObject"	"false"	"out"	"not-domain-reachable"	"ResearchPlan"	"owning"	"StText"	"atomic"	"n/a"
"RnGenericRec"	"CmObject"	"false"	"out"	"not-domain-reachable"	"Restrictions"	"rel"	"CmPossibility"	"col"	"n/a"
"RnGenericRec"	"CmObject"	"false"	"out"	"not-domain-reachable"	"SeeAlso"	"rel"	"RnGenericRec"	"col"	"n/a"
"RnGenericRec"	"CmObject"	"false"	"out"	"not-domain-reachable"	"Sources"	"rel"	"CmPerson"	"col"	"n/a"
"RnGenericRec"	"CmObject"	"false"	"out"	"not-domain-reachable"	"Status"	"rel"	"CmPossibility"	"atomic"	"n/a"
"RnGenericRec"	"CmObject"	"false"	"out"	"not-domain-reachable"	"SubRecords"	"owning"	"RnGenericRec"	"seq"	"n/a"
"RnGenericRec"	"CmObject"	"false"	"out"	"not-domain-reachable"	"SupersededBy"	"rel"	"RnGenericRec"	"col"	"n/a"
"RnGenericRec"	"CmObject"	"false"	"out"	"not-domain-reachable"	"SupportingEvidence"	"rel"	"RnGenericRec"	"seq"	"n/a"
"RnGenericRec"	"CmObject"	"false"	"out"	"not-domain-reachable"	"Text"	"rel"	"Text"	"atomic"	"n/a"
"RnGenericRec"	"CmObject"	"false"	"out"	"not-domain-reachable"	"TimeOfEvent"	"rel"	"CmPossibility"	"col"	"n/a"
"RnGenericRec"	"CmObject"	"false"	"out"	"not-domain-reachable"	"Title"	"basic"	"String"	""	"n/a"
"RnGenericRec"	"CmObject"	"false"	"out"	"not-domain-reachable"	"Type"	"rel"	"CmPossibility"	"atomic"	"n/a"
"RnGenericRec"	"CmObject"	"false"	"out"	"not-domain-reachable"	"VersionHistory"	"owning"	"StText"	"atomic"	"n/a"
"RnResearchNbk"	"CmMajorObject"	"false"	"out"	"not-domain-reachable"	"CrossReferences"	"owning"	"CrossReference"	"col"	"n/a"
"RnResearchNbk"	"CmMajorObject"	"false"	"out"	"not-domain-reachable"	"Records"	"owning"	"RnGenericRec"	"col"	"n/a"
"RnResearchNbk"	"CmMajorObject"	"false"	"out"	"not-domain-reachable"	"RecTypes"	"owning"	"CmPossibilityList"	"atomic"	"n/a"
"RnResearchNbk"	"CmMajorObject"	"false"	"out"	"not-domain-reachable"	"Reminders"	"owning"	"Reminder"	"col"	"n/a"
"RnRoledPartic"	"CmObject"	"false"	"out"	"not-domain-reachable"	"Participants"	"rel"	"CmPerson"	"col"	"n/a"
"RnRoledPartic"	"CmObject"	"false"	"out"	"not-domain-reachable"	"Role"	"rel"	"CmPossibility"	"atomic"	"n/a"
"ScrBook"	"CmObject"	"false"	"out"	"not-domain-reachable"	"Abbrev"	"basic"	"MultiUnicode"	""	"n/a"
"ScrBook"	"CmObject"	"false"	"out"	"not-domain-reachable"	"BookId"	"rel"	"ScrBookRef"	"atomic"	"n/a"
"ScrBook"	"CmObject"	"false"	"out"	"not-domain-reachable"	"CanonicalNum"	"basic"	"Integer"	""	"n/a"
"ScrBook"	"CmObject"	"false"	"out"	"not-domain-reachable"	"Diffs"	"owning"	"ScrDifference"	"col"	"n/a"
"ScrBook"	"CmObject"	"false"	"out"	"not-domain-reachable"	"Footnotes"	"owning"	"ScrFootnote"	"seq"	"n/a"
"ScrBook"	"CmObject"	"false"	"out"	"not-domain-reachable"	"IdText"	"basic"	"Unicode"	""	"n/a"
"ScrBook"	"CmObject"	"false"	"out"	"not-domain-reachable"	"ImportedBtCheckSum"	"basic"	"MultiUnicode"	""	"n/a"
"ScrBook"	"CmObject"	"false"	"out"	"not-domain-reachable"	"ImportedCheckSum"	"basic"	"Unicode"	""	"n/a"
"ScrBook"	"CmObject"	"false"	"out"	"not-domain-reachable"	"Name"	"basic"	"MultiUnicode"	""	"n/a"
"ScrBook"	"CmObject"	"false"	"out"	"not-domain-reachable"	"Sections"	"owning"	"ScrSection"	"seq"	"n/a"
"ScrBook"	"CmObject"	"false"	"out"	"not-domain-reachable"	"Title"	"owning"	"StText"	"atomic"	"n/a"
"ScrBook"	"CmObject"	"false"	"out"	"not-domain-reachable"	"UseChapterNumHeading"	"basic"	"Boolean"	""	"n/a"
"ScrBookAnnotations"	"CmObject"	"false"	"out"	"not-domain-reachable"	"ChkHistRecs"	"owning"	"ScrCheckRun"	"col"	"n/a"
"ScrBookAnnotations"	"CmObject"	"false"	"out"	"not-domain-reachable"	"Notes"	"owning"	"ScrScriptureNote"	"seq"	"n/a"
"ScrBookRef"	"CmObject"	"false"	"out"	"not-domain-reachable"	"BookAbbrev"	"basic"	"MultiUnicode"	""	"n/a"
"ScrBookRef"	"CmObject"	"false"	"out"	"not-domain-reachable"	"BookName"	"basic"	"MultiUnicode"	""	"n/a"
"ScrBookRef"	"CmObject"	"false"	"out"	"not-domain-reachable"	"BookNameAlt"	"basic"	"MultiUnicode"	""	"n/a"
"ScrCheckRun"	"CmObject"	"false"	"out"	"not-domain-reachable"	"CheckId"	"basic"	"Guid"	""	"n/a"
"ScrCheckRun"	"CmObject"	"false"	"out"	"not-domain-reachable"	"Result"	"basic"	"Integer"	""	"n/a"
"ScrCheckRun"	"CmObject"	"false"	"out"	"not-domain-reachable"	"RunDate"	"basic"	"Time"	""	"n/a"
"ScrDifference"	"CmObject"	"false"	"out"	"not-domain-reachable"	"DiffType"	"basic"	"Integer"	""	"n/a"
"ScrDifference"	"CmObject"	"false"	"out"	"not-domain-reachable"	"RefEnd"	"basic"	"Integer"	""	"n/a"
"ScrDifference"	"CmObject"	"false"	"out"	"not-domain-reachable"	"RefStart"	"basic"	"Integer"	""	"n/a"
"ScrDifference"	"CmObject"	"false"	"out"	"not-domain-reachable"	"RevLim"	"basic"	"Integer"	""	"n/a"
"ScrDifference"	"CmObject"	"false"	"out"	"not-domain-reachable"	"RevMin"	"basic"	"Integer"	""	"n/a"
"ScrDifference"	"CmObject"	"false"	"out"	"not-domain-reachable"	"RevParagraph"	"rel"	"StPara"	"atomic"	"n/a"
"ScrDraft"	"CmObject"	"false"	"out"	"not-domain-reachable"	"Books"	"owning"	"ScrBook"	"seq"	"n/a"
"ScrDraft"	"CmObject"	"false"	"out"	"not-domain-reachable"	"DateCreated"	"basic"	"Time"	""	"n/a"
"ScrDraft"	"CmObject"	"false"	"out"	"not-domain-reachable"	"Description"	"basic"	"Unicode"	""	"n/a"
"ScrDraft"	"CmObject"	"false"	"out"	"not-domain-reachable"	"Protected"	"basic"	"Boolean"	""	"n/a"
"ScrDraft"	"CmObject"	"false"	"out"	"not-domain-reachable"	"Type"	"basic"	"Integer"	""	"n/a"
"ScrFootnote"	"StFootnote"	"false"	"out"	"not-domain-reachable"	"ParaContainingOrc"	"rel"	"ScrTxtPara"	"atomic"	"n/a"
"ScrImportP6Project"	"ScrImportSource"	"false"	"out"	"not-domain-reachable"	"ParatextID"	"basic"	"Unicode"	""	"n/a"
"ScrImportSet"	"CmObject"	"false"	"out"	"not-domain-reachable"	"BackTransSources"	"owning"	"ScrImportSource"	"col"	"n/a"
"ScrImportSet"	"CmObject"	"false"	"out"	"not-domain-reachable"	"Description"	"basic"	"MultiUnicode"	""	"n/a"
"ScrImportSet"	"CmObject"	"false"	"out"	"not-domain-reachable"	"ImportProjToken"	"basic"	"Unicode"	""	"n/a"
"ScrImportSet"	"CmObject"	"false"	"out"	"not-domain-reachable"	"ImportType"	"basic"	"Integer"	""	"n/a"
"ScrImportSet"	"CmObject"	"false"	"out"	"not-domain-reachable"	"Name"	"basic"	"MultiUnicode"	""	"n/a"
"ScrImportSet"	"CmObject"	"false"	"out"	"not-domain-reachable"	"NoteMappings"	"owning"	"ScrMarkerMapping"	"col"	"n/a"
"ScrImportSet"	"CmObject"	"false"	"out"	"not-domain-reachable"	"NoteSources"	"owning"	"ScrImportSource"	"col"	"n/a"
"ScrImportSet"	"CmObject"	"false"	"out"	"not-domain-reachable"	"ScriptureMappings"	"owning"	"ScrMarkerMapping"	"col"	"n/a"
"ScrImportSet"	"CmObject"	"false"	"out"	"not-domain-reachable"	"ScriptureSources"	"owning"	"ScrImportSource"	"col"	"n/a"
"ScrImportSFFiles"	"ScrImportSource"	"false"	"out"	"not-domain-reachable"	"FileFormat"	"basic"	"Integer"	""	"n/a"
"ScrImportSFFiles"	"ScrImportSource"	"false"	"out"	"not-domain-reachable"	"Files"	"owning"	"CmFile"	"col"	"n/a"
"ScrImportSource"	"CmObject"	"true"	"out"	"not-domain-reachable"	"NoteType"	"rel"	"CmAnnotationDefn"	"atomic"	"n/a"
"ScrImportSource"	"CmObject"	"true"	"out"	"not-domain-reachable"	"WritingSystem"	"basic"	"Unicode"	""	"n/a"
"Scripture"	"CmMajorObject"	"false"	"out"	"not-domain-reachable"	"ArchivedDrafts"	"owning"	"ScrDraft"	"col"	"n/a"
"Scripture"	"CmMajorObject"	"false"	"out"	"not-domain-reachable"	"BookAnnotations"	"owning"	"ScrBookAnnotations"	"seq"	"n/a"
"Scripture"	"CmMajorObject"	"false"	"out"	"not-domain-reachable"	"Bridge"	"basic"	"Unicode"	""	"n/a"
"Scripture"	"CmMajorObject"	"false"	"out"	"not-domain-reachable"	"ChapterLabel"	"basic"	"String"	""	"n/a"
"Scripture"	"CmMajorObject"	"false"	"out"	"not-domain-reachable"	"ChapterVerseSepr"	"basic"	"Unicode"	""	"n/a"
"Scripture"	"CmMajorObject"	"false"	"out"	"not-domain-reachable"	"ConvertCVDigitsOnExport"	"basic"	"Boolean"	""	"n/a"
"Scripture"	"CmMajorObject"	"false"	"out"	"not-domain-reachable"	"CrossRefMarkerSymbol"	"basic"	"Unicode"	""	"n/a"
"Scripture"	"CmMajorObject"	"false"	"out"	"not-domain-reachable"	"CrossRefMarkerType"	"basic"	"Integer"	""	"n/a"
"Scripture"	"CmMajorObject"	"false"	"out"	"not-domain-reachable"	"CrossRefsCombinedWithFootnotes"	"basic"	"Boolean"	""	"n/a"
"Scripture"	"CmMajorObject"	"false"	"out"	"not-domain-reachable"	"DisplayCrossRefReference"	"basic"	"Boolean"	""	"n/a"
"Scripture"	"CmMajorObject"	"false"	"out"	"not-domain-reachable"	"DisplayFootnoteReference"	"basic"	"Boolean"	""	"n/a"
"Scripture"	"CmMajorObject"	"false"	"out"	"not-domain-reachable"	"DisplaySymbolInCrossRef"	"basic"	"Boolean"	""	"n/a"
"Scripture"	"CmMajorObject"	"false"	"out"	"not-domain-reachable"	"DisplaySymbolInFootnote"	"basic"	"Boolean"	""	"n/a"
"Scripture"	"CmMajorObject"	"false"	"out"	"not-domain-reachable"	"FootnoteMarkerSymbol"	"basic"	"Unicode"	""	"n/a"
"Scripture"	"CmMajorObject"	"false"	"out"	"not-domain-reachable"	"FootnoteMarkerType"	"basic"	"Integer"	""	"n/a"
"Scripture"	"CmMajorObject"	"false"	"out"	"not-domain-reachable"	"ImportSettings"	"owning"	"ScrImportSet"	"col"	"n/a"
"Scripture"	"CmMajorObject"	"false"	"out"	"not-domain-reachable"	"NoteCategories"	"owning"	"CmPossibilityList"	"atomic"	"n/a"
"Scripture"	"CmMajorObject"	"false"	"out"	"not-domain-reachable"	"PsalmLabel"	"basic"	"String"	""	"n/a"
"Scripture"	"CmMajorObject"	"false"	"out"	"not-domain-reachable"	"RefSepr"	"basic"	"Unicode"	""	"n/a"
"Scripture"	"CmMajorObject"	"false"	"out"	"not-domain-reachable"	"Resources"	"owning"	"CmResource"	"col"	"n/a"
"Scripture"	"CmMajorObject"	"false"	"out"	"not-domain-reachable"	"RestartFootnoteBoundary"	"basic"	"Integer"	""	"n/a"
"Scripture"	"CmMajorObject"	"false"	"out"	"not-domain-reachable"	"RestartFootnoteSequence"	"basic"	"Boolean"	""	"n/a"
"Scripture"	"CmMajorObject"	"false"	"out"	"not-domain-reachable"	"ScriptDigitZero"	"basic"	"Integer"	""	"n/a"
"Scripture"	"CmMajorObject"	"false"	"out"	"not-domain-reachable"	"ScriptureBooks"	"owning"	"ScrBook"	"seq"	"n/a"
"Scripture"	"CmMajorObject"	"false"	"out"	"not-domain-reachable"	"Styles"	"owning"	"StStyle"	"col"	"n/a"
"Scripture"	"CmMajorObject"	"false"	"out"	"not-domain-reachable"	"UseScriptDigits"	"basic"	"Boolean"	""	"n/a"
"Scripture"	"CmMajorObject"	"false"	"out"	"not-domain-reachable"	"VersePunct"	"basic"	"Unicode"	""	"n/a"
"Scripture"	"CmMajorObject"	"false"	"out"	"not-domain-reachable"	"VerseSepr"	"basic"	"Unicode"	""	"n/a"
"Scripture"	"CmMajorObject"	"false"	"out"	"not-domain-reachable"	"Versification"	"basic"	"Integer"	""	"n/a"
"ScrMarkerMapping"	"CmObject"	"false"	"out"	"not-domain-reachable"	"BeginMarker"	"basic"	"Unicode"	""	"n/a"
"ScrMarkerMapping"	"CmObject"	"false"	"out"	"not-domain-reachable"	"Domain"	"basic"	"Integer"	""	"n/a"
"ScrMarkerMapping"	"CmObject"	"false"	"out"	"not-domain-reachable"	"EndMarker"	"basic"	"Unicode"	""	"n/a"
"ScrMarkerMapping"	"CmObject"	"false"	"out"	"not-domain-reachable"	"Excluded"	"basic"	"Boolean"	""	"n/a"
"ScrMarkerMapping"	"CmObject"	"false"	"out"	"not-domain-reachable"	"NoteType"	"rel"	"CmAnnotationDefn"	"atomic"	"n/a"
"ScrMarkerMapping"	"CmObject"	"false"	"out"	"not-domain-reachable"	"Style"	"rel"	"StStyle"	"atomic"	"n/a"
"ScrMarkerMapping"	"CmObject"	"false"	"out"	"not-domain-reachable"	"Target"	"basic"	"Integer"	""	"n/a"
"ScrMarkerMapping"	"CmObject"	"false"	"out"	"not-domain-reachable"	"WritingSystem"	"basic"	"Unicode"	""	"n/a"
"ScrRefSystem"	"CmObject"	"false"	"out"	"not-domain-reachable"	"Books"	"owning"	"ScrBookRef"	"seq"	"n/a"
"ScrScriptureNote"	"CmBaseAnnotation"	"false"	"out"	"not-domain-reachable"	"Categories"	"rel"	"CmPossibility"	"seq"	"n/a"
"ScrScriptureNote"	"CmBaseAnnotation"	"false"	"out"	"not-domain-reachable"	"DateResolved"	"basic"	"Time"	""	"n/a"
"ScrScriptureNote"	"CmBaseAnnotation"	"false"	"out"	"not-domain-reachable"	"Discussion"	"owning"	"StJournalText"	"atomic"	"n/a"
"ScrScriptureNote"	"CmBaseAnnotation"	"false"	"out"	"not-domain-reachable"	"Quote"	"owning"	"StJournalText"	"atomic"	"n/a"
"ScrScriptureNote"	"CmBaseAnnotation"	"false"	"out"	"not-domain-reachable"	"Recommendation"	"owning"	"StJournalText"	"atomic"	"n/a"
"ScrScriptureNote"	"CmBaseAnnotation"	"false"	"out"	"not-domain-reachable"	"Resolution"	"owning"	"StJournalText"	"atomic"	"n/a"
"ScrScriptureNote"	"CmBaseAnnotation"	"false"	"out"	"not-domain-reachable"	"ResolutionStatus"	"basic"	"Integer"	""	"n/a"
"ScrScriptureNote"	"CmBaseAnnotation"	"false"	"out"	"not-domain-reachable"	"Responses"	"owning"	"StJournalText"	"seq"	"n/a"
"ScrSection"	"CmObject"	"false"	"out"	"not-domain-reachable"	"Content"	"owning"	"StText"	"atomic"	"n/a"
"ScrSection"	"CmObject"	"false"	"out"	"not-domain-reachable"	"Heading"	"owning"	"StText"	"atomic"	"n/a"
"ScrSection"	"CmObject"	"false"	"out"	"not-domain-reachable"	"VerseRefEnd"	"basic"	"Integer"	""	"n/a"
"ScrSection"	"CmObject"	"false"	"out"	"not-domain-reachable"	"VerseRefMax"	"basic"	"Integer"	""	"n/a"
"ScrSection"	"CmObject"	"false"	"out"	"not-domain-reachable"	"VerseRefMin"	"basic"	"Integer"	""	"n/a"
"ScrSection"	"CmObject"	"false"	"out"	"not-domain-reachable"	"VerseRefStart"	"basic"	"Integer"	""	"n/a"
"Segment"	"CmObject"	"false"	"out"	"not-domain-reachable"	"Analyses"	"rel"	"IAnalysis"	"seq"	"n/a"
"Segment"	"CmObject"	"false"	"out"	"not-domain-reachable"	"BeginOffset"	"basic"	"Integer"	""	"n/a"
"Segment"	"CmObject"	"false"	"out"	"not-domain-reachable"	"BeginTimeOffset"	"basic"	"Unicode"	""	"n/a"
"Segment"	"CmObject"	"false"	"out"	"not-domain-reachable"	"EndTimeOffset"	"basic"	"Unicode"	""	"n/a"
"Segment"	"CmObject"	"false"	"out"	"not-domain-reachable"	"FreeTranslation"	"basic"	"MultiString"	""	"n/a"
"Segment"	"CmObject"	"false"	"out"	"not-domain-reachable"	"LiteralTranslation"	"basic"	"MultiString"	""	"n/a"
"Segment"	"CmObject"	"false"	"out"	"not-domain-reachable"	"MediaURI"	"rel"	"CmMediaURI"	"atomic"	"n/a"
"Segment"	"CmObject"	"false"	"out"	"not-domain-reachable"	"Notes"	"owning"	"Note"	"seq"	"n/a"
"Segment"	"CmObject"	"false"	"out"	"not-domain-reachable"	"Reference"	"basic"	"String"	""	"n/a"
"Segment"	"CmObject"	"false"	"out"	"not-domain-reachable"	"Speaker"	"rel"	"CmPerson"	"atomic"	"n/a"
"StFootnote"	"StText"	"false"	"out"	"not-domain-reachable"	"FootnoteMarker"	"basic"	"String"	""	"n/a"
"StJournalText"	"StText"	"false"	"out"	"not-domain-reachable"	"CreatedBy"	"rel"	"CmPerson"	"atomic"	"n/a"
"StJournalText"	"StText"	"false"	"out"	"not-domain-reachable"	"DateCreated"	"basic"	"Time"	""	"n/a"
"StJournalText"	"StText"	"false"	"out"	"not-domain-reachable"	"ModifiedBy"	"rel"	"CmPerson"	"atomic"	"n/a"
"StPara"	"CmObject"	"true"	"in"	"domain-reachable from lexical/grammar roots"	"StyleRules"	"basic"	"TextPropBinary"	""	"no"
"StStyle"	"CmObject"	"false"	"out"	"not-domain-reachable"	"BasedOn"	"rel"	"StStyle"	"atomic"	"n/a"
"StStyle"	"CmObject"	"false"	"out"	"not-domain-reachable"	"Context"	"basic"	"Integer"	""	"n/a"
"StStyle"	"CmObject"	"false"	"out"	"not-domain-reachable"	"Function"	"basic"	"Integer"	""	"n/a"
"StStyle"	"CmObject"	"false"	"out"	"not-domain-reachable"	"IsBuiltIn"	"basic"	"Boolean"	""	"n/a"
"StStyle"	"CmObject"	"false"	"out"	"not-domain-reachable"	"IsModified"	"basic"	"Boolean"	""	"n/a"
"StStyle"	"CmObject"	"false"	"out"	"not-domain-reachable"	"IsPublishedTextStyle"	"basic"	"Boolean"	""	"n/a"
"StStyle"	"CmObject"	"false"	"out"	"not-domain-reachable"	"Name"	"basic"	"Unicode"	""	"n/a"
"StStyle"	"CmObject"	"false"	"out"	"not-domain-reachable"	"Next"	"rel"	"StStyle"	"atomic"	"n/a"
"StStyle"	"CmObject"	"false"	"out"	"not-domain-reachable"	"Rules"	"basic"	"TextPropBinary"	""	"n/a"
"StStyle"	"CmObject"	"false"	"out"	"not-domain-reachable"	"Structure"	"basic"	"Integer"	""	"n/a"
"StStyle"	"CmObject"	"false"	"out"	"not-domain-reachable"	"Type"	"basic"	"Integer"	""	"n/a"
"StStyle"	"CmObject"	"false"	"out"	"not-domain-reachable"	"Usage"	"basic"	"MultiUnicode"	""	"n/a"
"StStyle"	"CmObject"	"false"	"out"	"not-domain-reachable"	"UserLevel"	"basic"	"Integer"	""	"n/a"
"StText"	"CmObject"	"false"	"in"	"domain-reachable from lexical/grammar roots"	"DateModified"	"basic"	"Time"	""	"no"
"StText"	"CmObject"	"false"	"in"	"domain-reachable from lexical/grammar roots"	"Paragraphs"	"owning"	"StPara"	"seq"	"no"
"StText"	"CmObject"	"false"	"in"	"domain-reachable from lexical/grammar roots"	"RightToLeft"	"basic"	"Boolean"	""	"name-referenced"
"StText"	"CmObject"	"false"	"in"	"domain-reachable from lexical/grammar roots"	"Tags"	"owning"	"TextTag"	"col"	"no"
"StTxtPara"	"StPara"	"false"	"out"	"not-domain-reachable"	"AnalyzedTextObjects"	"owning"	"CmObject"	"seq"	"n/a"
"StTxtPara"	"StPara"	"false"	"out"	"not-domain-reachable"	"Contents"	"basic"	"String"	""	"n/a"
"StTxtPara"	"StPara"	"false"	"out"	"not-domain-reachable"	"Label"	"basic"	"String"	""	"n/a"
"StTxtPara"	"StPara"	"false"	"out"	"not-domain-reachable"	"ParseIsCurrent"	"basic"	"Boolean"	""	"n/a"
"StTxtPara"	"StPara"	"false"	"out"	"not-domain-reachable"	"Segments"	"owning"	"Segment"	"seq"	"n/a"
"StTxtPara"	"StPara"	"false"	"out"	"not-domain-reachable"	"TextObjects"	"rel"	"CmObject"	"seq"	"n/a"
"StTxtPara"	"StPara"	"false"	"out"	"not-domain-reachable"	"Translations"	"owning"	"CmTranslation"	"col"	"n/a"
"Text"	"CmMajorObject"	"false"	"out"	"not-domain-reachable"	"Abbreviation"	"basic"	"MultiUnicode"	""	"n/a"
"Text"	"CmMajorObject"	"false"	"out"	"not-domain-reachable"	"Contents"	"owning"	"StText"	"atomic"	"n/a"
"Text"	"CmMajorObject"	"false"	"out"	"not-domain-reachable"	"Genres"	"rel"	"CmPossibility"	"col"	"n/a"
"Text"	"CmMajorObject"	"false"	"out"	"not-domain-reachable"	"IsTranslated"	"basic"	"Boolean"	""	"n/a"
"Text"	"CmMajorObject"	"false"	"out"	"not-domain-reachable"	"MediaFiles"	"owning"	"CmMediaContainer"	"atomic"	"n/a"
"Text"	"CmMajorObject"	"false"	"out"	"not-domain-reachable"	"Source"	"basic"	"MultiString"	""	"n/a"
"TextTag"	"CmObject"	"false"	"in"	"domain-reachable from lexical/grammar roots"	"BeginAnalysisIndex"	"basic"	"Integer"	""	"no"
"TextTag"	"CmObject"	"false"	"in"	"domain-reachable from lexical/grammar roots"	"BeginSegment"	"rel"	"Segment"	"atomic"	"no"
"TextTag"	"CmObject"	"false"	"in"	"domain-reachable from lexical/grammar roots"	"EndAnalysisIndex"	"basic"	"Integer"	""	"no"
"TextTag"	"CmObject"	"false"	"in"	"domain-reachable from lexical/grammar roots"	"EndSegment"	"rel"	"Segment"	"atomic"	"no"
"TextTag"	"CmObject"	"false"	"in"	"domain-reachable from lexical/grammar roots"	"Tag"	"rel"	"CmPossibility"	"atomic"	"no"
"UserAppFeatAct"	"CmObject"	"false"	"out"	"not-domain-reachable"	"ActivatedLevel"	"basic"	"Integer"	""	"n/a"
"UserAppFeatAct"	"CmObject"	"false"	"out"	"not-domain-reachable"	"ApplicationId"	"basic"	"Guid"	""	"n/a"
"UserAppFeatAct"	"CmObject"	"false"	"out"	"not-domain-reachable"	"FeatureId"	"basic"	"Integer"	""	"n/a"
"UserAppFeatAct"	"CmObject"	"false"	"out"	"not-domain-reachable"	"UserConfigAcct"	"rel"	"UserConfigAcct"	"col"	"n/a"
"UserConfigAcct"	"CmObject"	"false"	"out"	"not-domain-reachable"	"HasMaintenance"	"basic"	"Boolean"	""	"n/a"
"UserConfigAcct"	"CmObject"	"false"	"out"	"not-domain-reachable"	"Sid"	"basic"	"Binary"	""	"n/a"
"UserConfigAcct"	"CmObject"	"false"	"out"	"not-domain-reachable"	"UserLevel"	"basic"	"Integer"	""	"n/a"
"VirtualOrdering"	"CmObject"	"false"	"out"	"not-domain-reachable"	"Field"	"basic"	"Unicode"	""	"n/a"
"VirtualOrdering"	"CmObject"	"false"	"out"	"not-domain-reachable"	"Items"	"rel"	"CmObject"	"seq"	"n/a"
"VirtualOrdering"	"CmObject"	"false"	"out"	"not-domain-reachable"	"Source"	"rel"	"CmObject"	"atomic"	"n/a"
"WfiAnalysis"	"CmObject"	"false"	"out"	"not-domain-reachable"	"Category"	"rel"	"PartOfSpeech"	"atomic"	"n/a"
"WfiAnalysis"	"CmObject"	"false"	"out"	"not-domain-reachable"	"CompoundRuleApps"	"rel"	"MoCompoundRule"	"seq"	"n/a"
"WfiAnalysis"	"CmObject"	"false"	"out"	"not-domain-reachable"	"Derivation"	"owning"	"MoDeriv"	"atomic"	"n/a"
"WfiAnalysis"	"CmObject"	"false"	"out"	"not-domain-reachable"	"Evaluations"	"rel"	"CmAgentEvaluation"	"col"	"n/a"
"WfiAnalysis"	"CmObject"	"false"	"out"	"not-domain-reachable"	"InflTemplateApps"	"rel"	"MoInflAffixTemplate"	"seq"	"n/a"
"WfiAnalysis"	"CmObject"	"false"	"out"	"not-domain-reachable"	"Meanings"	"owning"	"WfiGloss"	"col"	"n/a"
"WfiAnalysis"	"CmObject"	"false"	"out"	"not-domain-reachable"	"MorphBundles"	"owning"	"WfiMorphBundle"	"seq"	"n/a"
"WfiAnalysis"	"CmObject"	"false"	"out"	"not-domain-reachable"	"MsFeatures"	"owning"	"FsFeatStruc"	"atomic"	"n/a"
"WfiAnalysis"	"CmObject"	"false"	"out"	"not-domain-reachable"	"Stems"	"rel"	"LexEntry"	"col"	"n/a"
"WfiGloss"	"CmObject"	"false"	"out"	"not-domain-reachable"	"Form"	"basic"	"MultiUnicode"	""	"n/a"
"WfiMorphBundle"	"CmObject"	"false"	"out"	"not-domain-reachable"	"Form"	"basic"	"MultiString"	""	"n/a"
"WfiMorphBundle"	"CmObject"	"false"	"out"	"not-domain-reachable"	"InflType"	"rel"	"LexEntryInflType"	"atomic"	"n/a"
"WfiMorphBundle"	"CmObject"	"false"	"out"	"not-domain-reachable"	"Morph"	"rel"	"MoForm"	"atomic"	"n/a"
"WfiMorphBundle"	"CmObject"	"false"	"out"	"not-domain-reachable"	"Msa"	"rel"	"MoMorphSynAnalysis"	"atomic"	"n/a"
"WfiMorphBundle"	"CmObject"	"false"	"out"	"not-domain-reachable"	"Sense"	"rel"	"LexSense"	"atomic"	"n/a"
"WfiWordform"	"CmObject"	"false"	"out"	"not-domain-reachable"	"Analyses"	"owning"	"WfiAnalysis"	"col"	"n/a"
"WfiWordform"	"CmObject"	"false"	"out"	"not-domain-reachable"	"Checksum"	"basic"	"Integer"	""	"n/a"
"WfiWordform"	"CmObject"	"false"	"out"	"not-domain-reachable"	"Form"	"basic"	"MultiUnicode"	""	"n/a"
"WfiWordform"	"CmObject"	"false"	"out"	"not-domain-reachable"	"SpellingStatus"	"basic"	"Integer"	""	"n/a"
"WfiWordSet"	"CmObject"	"false"	"in"	"domain-reachable from lexical/grammar roots"	"Cases"	"rel"	"WfiWordform"	"col"	"no"
"WfiWordSet"	"CmObject"	"false"	"in"	"domain-reachable from lexical/grammar roots"	"Description"	"basic"	"MultiString"	""	"no"
"WfiWordSet"	"CmObject"	"false"	"in"	"domain-reachable from lexical/grammar roots"	"Name"	"basic"	"MultiUnicode"	""	"no"
"WordFormLookup"	"CmObject"	"false"	"out"	"not-domain-reachable"	"AnthroCentral"	"basic"	"Integer"	""	"n/a"
"WordFormLookup"	"CmObject"	"false"	"out"	"not-domain-reachable"	"AnthroCodes"	"rel"	"CmAnthroItem"	"col"	"n/a"
"WordFormLookup"	"CmObject"	"false"	"out"	"not-domain-reachable"	"Form"	"basic"	"String"	""	"n/a"
"WordFormLookup"	"CmObject"	"false"	"out"	"not-domain-reachable"	"ThesaurusCentral"	"basic"	"Integer"	""	"n/a"
"WordFormLookup"	"CmObject"	"false"	"out"	"not-domain-reachable"	"ThesaurusItems"	"rel"	"CmPossibility"	"col"	"n/a"
"WordformLookupList"	"CmMajorObject"	"false"	"out"	"not-domain-reachable"	"Wordforms"	"owning"	"WordFormLookup"	"col"	"n/a"
"WordformLookupList"	"CmMajorObject"	"false"	"out"	"not-domain-reachable"	"WritingSystem"	"basic"	"Unicode"	""	"n/a"
